id,DeclareDate,Title,Symbol,ShortName,Label
323,2019-08-20,宁波太平鸟时尚服饰股份有限公司2019年半年度报告摘要,603877,太平鸟,0.7
617,2019-12-04,奥康国际：多层次探索升级加快,603001,ST 奥康,0.7
915,2024-02-02,永冠新材：累计回购428.0175万股,603681,永冠新材,0.5
980,2022-03-27,三星医疗：收购常州明州康复医院有限公司100%股权暨关联交易,601567,三星医疗,0.6
296,2020-05-15,人福医药商誉减值评估程序倒置 监管关注中京民信,600079,人福医药,0.7
306,2019-11-08,天目药业：实控人遭调查及涉嫌违法违规事项均与公司无关,600671,*ST 目药,0.5
333,2023-09-20,国机汽车：曾于四维图新成立了合资公司 公司拟转让所持有的参股公司相关股权,600335,国机汽车,0.5
360,2024-03-07,菲林格尔：截至目前 公司投资的临港产业基金和海南产业基金均没有直接投向机器人企业,603226,菲林格尔,0.5
464,2023-11-07,鄂股动态丨ST九有：国资增资存重大不确定性 需满足两大前提条件,600462,ST 九有,0.5
537,2023-06-13,ST南卫连收3个涨停板,603880,ST 南卫,0.6
544,2021-03-08,国盛证券维持青岛啤酒买入评级：Q4销量逆势增长 产品结构优化,600600,青岛啤酒,0.7
545,2020-11-22,青岛啤酒：复星集团累计减持比例达5%,600600,青岛啤酒,0.6
548,2024-03-19,信达证券发布秦安股份研报 盈利能力显著提升 上市以来持续高分红,603758,秦安股份,0.6
642,2020-05-22,华菱星马的新东家会是谁？控股股东拟公开征集受让方,600375,*ST 汉马,0.7
676,2023-10-28,*ST西钢：10月27日召开董事会会议,600117,*ST 西钢,0.3
723,2019-06-26,剑桥科技：安丰和众方面提前终止减持计划并拟发起新的减持计划,603083,剑桥科技,0.5
747,2023-08-17,ST中珠：截至本公告日，广州云鹰资本管理有限公司累计质押股数为5000万股,600568,ST 中珠,0.5
880,2020-05-14,南卫股份：医用外科口罩等获医疗器械注册证,603880,ST 南卫,0.5
905,2022-07-11,2天1板天永智能：公司目前生产经营活动正常 生产成本和销售未出现大幅波动,603895,天永智能,0.5
976,2021-03-03,南卫股份：控股股东及其一致行动人拟减持不超公司总股本4%,603880,ST 南卫,0.5
989,2020-07-08,碳元科技：实控人拟减持不超过1050万股,603133,*ST 碳元,0.5
994,2020-05-30,去年第四季度营收大幅下降、净利为负 通葡收到问询函,600365,ST 通葡,0.5
88,2022-03-18,国盛智科获嘉实基金谢泽林、华夏基金张雪韬等基金经理调研,688558,国盛智科,0.6
134,2023-10-09,ST起步：公司终端店铺有在万达等商业综合体里开设,603557,ST 起步,0.8
148,2020-09-29,退出期货投资 秦安股份涨超7% 晚间修正期货盈利额,603758,秦安股份,0.7
152,2023-12-29,ST九有：2524万元实控人承诺补偿款到账,600462,ST 九有,0.6
166,2023-11-19,国机汽车：全资子公司收到《中标通知书》,600335,国机汽车,0.6
184,2023-09-07,城市传媒：公司通过投资美元基金间接持有喜马拉雅约1.24%股权,600229,城市传媒,0.8
221,2022-10-30,华兴源创：2022年前三季度净利润约3.05亿元,688001,华兴源创,0.6
243,2020-02-26,北特科技：拟定增募资不超7.5亿元,603009,北特科技,0.6
266,2021-11-08,新亚电子接受2家机构调研！短期主力资金净流入,605277,新亚电子,0.7
272,2020-08-13,秦安股份：8月7日至8月12日获得期货投资收益8375.38万元,603758,秦安股份,0.8
294,2023-12-13,陕西黑猫：12月13日召开董事会会议,601015,陕西黑猫,0.5
320,2023-11-28,标准股份：已与某知名汽车座椅厂达成多个汽车座椅面套项目采购合作意向 已初步形成较为稳定的供货体系,600302,标准股份,0.8
352,2024-02-06,华兴源创：2月6日召开董事会会议,688001,华兴源创,0.5
354,2023-10-31,三星医疗投资成立储能科技公司 注册资本1亿元,601567,三星医疗,0.5
364,2023-06-12,交易异动！*ST榕泰：近3个交易日上涨16.32% 公司前期披露的信息不存在需要更正、补充之处,600589,*ST 榕泰,0.8
368,2024-04-17,标准股份：4月16日召开董事会会议,600302,标准股份,0.5
407,2023-11-29,宏辉果蔬筹码持续集中 最新股东户数下降0.94%,603336,宏辉果蔬,0.8
412,2020-09-02,半年报亏损同比增加 *ST天成还要赔偿95股民超1100万,600112,ST 天成,0.5
421,2017-05-30,熊猫金控两度延迟回复上交所问询 互金业务怎么赚的钱？,600599,ST 熊猫,0.5
424,2017-08-03,西宁特钢：钒产品涨价对公司无影响 3日复牌,600117,*ST 西钢,0.5
425,2014-05-21,五公司拟发2200亿元优先股,600518,ST 康美,0.5
437,2022-11-22,ST 曙光：湖北曙光是曙光子公司的参股项目公司,600303,ST 曙光,0.5
559,2023-07-17,大地熊：公司2021年开展了“各向同性钐铁氮橡胶磁的研发” 现已实现小批量生产 应用于微特电机,688077,大地熊,0.7
560,2017-03-09,老凤祥：2016年净利10.57亿 同比下滑5%,600612,老凤祥,0.7
567,2023-11-22,璞泰来：拟3.58亿元取得江苏箔华80%股权 加速复合铜箔业务发展,603659,璞泰来,0.6
615,2023-08-08,大业股份：上半年归母净利润7734.86万元，同比扭亏，胎圈钢丝、钢帘线毛利率有所回升,603278,大业股份,0.7
645,2023-08-24,*ST榕泰：债权人重整申请已被受理为不实消息,600589,*ST 榕泰,0.5
677,2024-04-14,东鹏饮料：2023年净利润飙升41.6% 多品类战略开启“加速跑”,605499,东鹏饮料,0.7
724,2023-07-10,北特科技：博世刹车IPB-Flange产品虽然在小批量试样 但并没有规模性供应 尚未形成收入,603009,北特科技,0.6
734,2014-07-24,老凤祥上半年净利4.2亿 同比增长7.35%,600612,老凤祥,0.6
739,2024-02-28,汉马科技上演天地板,600375,*ST 汉马,0.1
757,2019-10-14,新华锦：新华锦澳门离岸商业服务有限公司是公司子公司,600735,新华锦,0.5
764,2023-08-03,*ST碳元：公司散热材料可应用于智能手机、平板电脑、笔记本电脑等电子产品,603133,*ST 碳元,0.5
879,2020-11-09,人福医药拟出售乐福思集团40%股权 归核化成效显著,600079,人福医药,0.8
888,2018-05-17,江中药业：华润医药集团拟控股江中集团,600750,江中药业,0.5
890,2023-12-29,和椰树抢生意？“功能饮料第一股”东鹏饮料推椰汁产品 低至2.1元/盒,605499,东鹏饮料,0.8
995,2024-03-19,菲林格尔：公司投资的临港产业基金和海南产业基金均没有直接投向低空经济和飞行汽车企业,603226,菲林格尔,0.5
1,2024-01-24,多名股东共同承诺！不减持队伍扩大,688386,泛亚微透,0.7
2,2022-01-28,*ST康美预计2021年净利润超56亿 但扣非后仍大幅预亏,600518,ST 康美,0.5
3,2023-08-30,开创国际：上半年净亏2706.43万元，同比由盈转亏 金枪鱼围网船队捕捞营收减少30%,600097,开创国际,0.1
4,2021-06-22,中金公司：维持青岛啤酒跑赢行业评级 维持A股目标价115.3元,600600,青岛啤酒,0.5
5,2024-02-06,注意！江中药业将于2月23日召开股东大会,600750,江中药业,0.5
6,2019-08-20,青岛啤酒中期业绩创新高 股价强势涨停后一路上扬,600600,青岛啤酒,0.7
7,2023-10-27,长城汽车第三季度净利润增长42% 毛利率增至21.66%,601633,长城汽车,0.8
8,2018-04-13,华正新材股东钱海平拟减持不超2.49%股份,603186,华正新材,0.5
9,2015-07-27,青岛啤酒：互联网加减法,600600,青岛啤酒,0.5
10,2024-03-21,华正新材：拟在泰国投资新建覆铜板生产基地,603186,华正新材,0.6
11,2020-04-24,长城汽车：2019年净利同比下降13.64% 拟10派2.5元,601633,长城汽车,0.5
12,2019-05-16,康美药业超17万手买单封涨停 机构近期连续抄底,600518,ST 康美,0.8
13,2021-04-13,“重组专业户”天目药业终止重组 起诉追讨逾五千万预付款及利息,600671,*ST 目药,0.2
14,2020-12-02,起步股份：控股股东香港起步解除质押2700万股,603557,ST 起步,0.2
15,2024-03-27,青岛啤酒2023年营收339.4亿元 营收、净利双双创新高,600600,青岛啤酒,0.8
16,2022-02-28,东鹏饮料(605499.SH)：拟使用不超50亿元闲置自有资金购买理财产品,605499,东鹏饮料,0.5
17,2018-11-14,熊猫金控筹划重大事项,600599,ST 熊猫,0.6
18,2017-11-30,璞泰来逾1亿控股兴丰新能源 完善负极材料产业链,603659,璞泰来,0.5
19,2019-11-06,“抱团取暖”平台持续开放 澄星股份投资者维权进行中,600078,ST 澄星,0.4
20,2024-04-10,退市预警！3万股民连吃4跌停,600165,ST 宁科,0.5
21,2021-03-02,拟拆分自动驾驶公司上市 长城汽车大象转身进入“深水期”,601633,长城汽车,0.5
22,2019-07-26,控股股东占用ST丰华近5亿元 承诺逾期过月仍未归还,600615,丰华股份,0.3
23,2020-07-20,华新水泥股价创新高 融资客抢先加仓,600801,华新水泥,0.6
24,2023-06-29,新股时创能源高开 涨超47%,688429,时创能源,0.8
25,2021-09-16,昊华科技：中国中化正研究相关企业整合方案 解决同业竞争问题,600378,昊华科技,0.6
26,2022-03-14,和邦生物：主要产品量价齐升 2021年净利同比增长7284.28%,603077,和邦生物,0.5
27,2019-06-25,未按规定预先披露减持计划 实达集团控股股东遭警示,600734,ST 实达,0.5
28,2023-09-06,长春一东：已在俄罗斯设立控股子公司，实施“区域覆盖”战略,600148,长春一东,0.6
29,2020-11-02,三星医疗：公司及全资子公司合计预中标国家电网4.26亿元采购项目,601567,三星医疗,0.8
30,2023-10-09,杰克股份：累计回购约999万股 占比2.06%,603337,杰克股份,0.5
31,2023-02-16,中药板块表现强势 康缘药业大涨7%,600557,康缘药业,0.5
32,2018-12-21,圣济堂：子公司血糖仪、血糖试纸生产线暂停生产,600227,赤天化,0.5
33,2023-08-09,六次延期回复问询函且未履行信披义务 ST起步被上交所予以监管警示,603557,ST 起步,0.5
34,2024-03-29,中国巨石：公司原材料和能源采购一切正常,600176,中国巨石,0.5
35,2023-09-06,182家机构投资者集中调研 昊华科技回应并购中化蓝天相关疑问,600378,昊华科技,0.5
36,2023-12-25,太平鸟：获得政府补助5197万元,603877,太平鸟,0.7
37,2017-07-07,华菱星马：二股东拟11月前减持不超3%公司股份,600375,*ST 汉马,0.5
38,2018-12-05,秦安股份3股东拟减持不超6%股份,603758,秦安股份,0.5
39,2018-11-16,浙江富润：诸暨产业转型升级基金已投资多家公司,600070,ST 富润,0.5
40,2017-07-20,首份酒业公司中报出炉 莫高股份现金流量净额同比大增977.99%,600543,*ST 莫高,0.5
41,2023-08-04,威奥股份股东拟减持不超6%股份,605001,威奥股份,0.7
42,2022-05-11,5月11日板块复盘：长城汽车涨停！汽车板块的黄金窗口来了？百货股起飞！徐家汇11天9涨停,601633,长城汽车,0.7
43,2022-05-10,*ST瑞德：控股股东左洪波所持1.29亿股将被司法拍卖,600666,ST 瑞德,0.2
44,2024-03-01,和邦生物：公司生产经营情况正常,603077,和邦生物,0.5
45,2017-05-22,终止与爱淘城重组 新华锦封跌停,600735,新华锦,0.1
46,2023-07-12,ST通葡公布定增后大涨被问询 主要目的或还是为了还债,600365,ST 通葡,0.4
47,2023-11-29,人福医药控股股东所持近6千万股被拍卖 成交总额14亿元,600079,人福医药,0.5
48,2021-12-01,造纸板块开盘快速拉升 民丰特纸涨停,600235,民丰特纸,0.6
49,2024-04-13,璞泰来：公司实际担保余额为174.18亿元,603659,璞泰来,0.6
50,2023-07-28,芯源微：拟向激励对象授予160万股限制性股票,688037,芯源微,0.6
51,2018-07-09,中国巨石：上半年净利预增25%以上,600176,中国巨石,0.7
52,2023-10-09,永冠新材：第三季度“永22转债”转股44股,603681,永冠新材,0.5
53,2020-12-23,森林包装募9亿上市次日跌停 毛利率3连降关联方频输血,605500,森林包装,0.5
54,2023-08-21,*ST目药拟定增募资实际控制人变崂山财政局 股价涨停,600671,*ST 目药,0.5
55,2022-10-26,长城汽车与中国移动签署战略合作协议,601633,长城汽车,0.6
56,2020-07-02,半导体概念股拉升 芯源微涨超13%,688037,芯源微,0.7
57,2022-03-17,聚焦主营业务 三星医疗预计今年前两个月营收增长44%,601567,三星医疗,0.6
58,2019-05-07,碳元科技两股东拟合计减持不超5%股份,603133,*ST 碳元,0.6
59,2018-11-12,民丰特纸连续六日涨停提示风险：仅持有天堂硅谷5%股权 对公司影响不大,600235,民丰特纸,0.8
60,2017-02-13,曙光集团否认“一股两卖”称七里港协议系伪造或变造,600303,ST 曙光,0.5
61,2023-07-10,上海贝岭：公司的EEPROM产品可适用于笔记型电脑、数据中心和PC等细分应用领域,600171,上海贝岭,0.5
62,2018-01-26,长城汽车2017年业绩预减逾五成,601633,长城汽车,0.1
63,2019-08-20,宁波太平鸟时尚服饰股份有限公司 关于会计估计变更的公告,603877,太平鸟,0.5
64,2023-11-09,永冠新材：控股股东方面拟协议转让不超8%股份引入战略投资者,603681,永冠新材,0.6
65,2023-09-18,老凤祥：业绩说明会定于9月27日举行,600612,老凤祥,0.5
66,2023-09-10,卖药买煤 赤天化资本运作“闪电”收函,600227,赤天化,0.5
67,2023-10-20,百龙创园：2023年前三季度净利润约1.41亿元 同比增加19.79%,605016,百龙创园,0.6
68,2023-04-11,华安证券给予济川药业买入评级，四季度快速增长，双轮驱动推动公司发展,600566,济川药业,0.7
69,2015-01-19,人福医药:定增获批 外延发展助力,600079,人福医药,0.6
70,2018-07-19,长城汽车上半年净利增长52%,601633,长城汽车,0.7
71,2023-12-20,人福医药：12月20日召开董事会会议,600079,人福医药,0.8
72,2020-08-18,广东榕泰蹊跷原材料采购 1年纸浆采购量够用3年？,600589,*ST 榕泰,0.5
73,2017-06-23,新日恒力：拟10亿元转让金属制品业务,600165,ST 宁科,0.7
74,2024-02-21,新亚电子：公司没有生产SRAM产品,605277,新亚电子,0.5
75,2019-05-20,实达集团三涨停提示风险：还债压力仍十分巨大,600734,ST 实达,0.7
76,2020-12-10,“快手一哥”辛巴被查 起步股份大单封跌停,603557,ST 起步,0.5
77,2023-07-26,威奥股份：宁波久盈拟减持不超2%公司股份,605001,威奥股份,0.5
78,2023-12-07,子公司深圳矽塔是否有研发应用于工业机器人的电驱芯片？上海贝岭回应,600171,上海贝岭,0.5
79,2019-02-21,长城汽车拟在印度设子公司,601633,长城汽车,0.5
80,2019-06-26,陕西黑猫(601015.SH)配股申请获受理,601015,陕西黑猫,0.5
81,2023-07-03,东鹏饮料：已储备牛磺酸强化型饮品,605499,东鹏饮料,0.5
82,2015-06-02,曙光股份定增逾6亿 切入动力电池市场,600303,ST 曙光,0.5
83,2024-04-14,东鹏饮料：2023年净利润同比增长41.60%，拟10派25元,605499,东鹏饮料,0.6
84,2020-09-08,股票交易异常波动 ST康美提示相关风险,600518,ST 康美,0.6
85,2014-10-16,关联交易泄露重组标的 武昌鱼拟与黔锦矿业再续“前缘”,600275,退市昌鱼,0.6
86,2024-03-21,华兴源创：3月21日回购公司股份1万股,688001,华兴源创,0.8
87,2017-06-28,开创国际公布划入光明集团收购报告书,600097,开创国际,0.5
89,2023-09-22,东芯股份：目前公司NAND Flash以及NOR Flash均有产品通过AEC-Q100测试,688110,东芯股份,0.5
90,2022-10-23,安信证券给予长城汽车买入评级：Q3毛利率创历史新高 业绩超预期,601633,长城汽车,0.7
91,2018-07-03,新日恒力：重组事项连遭两次问询 公司放弃收购宇航汽车,600165,ST 宁科,0.5
92,2023-05-30,*ST富吉：非制冷红外探测器研发及产业化项目按照计划正在有序推进中,688272,*ST 富吉,0.5
93,2017-12-27,上交所：对长城汇理及宋晓明予以通报批评,600671,*ST 目药,0.5
94,2023-12-19,东鹏饮料：公司董事、副总裁兼董事会秘书刘丽华辞职,605499,东鹏饮料,0.5
95,2019-07-24,赛腾股份拟非公开发行股票募资不超7亿元,603283,赛腾股份,0.5
96,2020-03-18,受疫情影响 长城汽车下调销量和盈利预期,601633,长城汽车,0.5
97,2024-02-01,杰克股份：截至2024年1月31日前十大流通股东持股占比71.69%,603337,杰克股份,0.5
98,2022-02-15,V观财报|淮北矿业：15.22亿股限售股将于2月21日解禁上市,600985,淮北矿业,0.5
99,2017-01-11,对话奥康国际董事长王振滔：不会大力发展电商 皮鞋行业处竞争拐点,603001,ST 奥康,0.8
100,2019-06-13,华正新材(603186.SH)2名高管累计减持合计12.92万股,603186,华正新材,0.5
101,2021-10-19,璞泰来：使用5亿元闲置募集资金暂时补充流动资金,603659,璞泰来,0.5
102,2019-08-08,新日恒力：拟向宁夏产业引导基金转让恒力新材10%股权,600165,ST 宁科,0.5
103,2022-07-01,*ST中安收到法院《决定书》 决定启动预重整程序,600654,ST 中安,0.5
104,2023-11-28,颀中科技：目前DDIC产业链从中国台湾向中国大陆转移的趋势未变,688352,颀中科技,0.6
105,2021-01-15,碳元科技：实际控制人徐世中减持420万股 占比1.99%,603133,*ST 碳元,0.5
106,2014-10-16,武昌鱼执意并购黔锦矿业,600275,退市昌鱼,0.5
107,2019-03-19,杰克股份2018年净利增长4成 拟10转4.5派5.2元,603337,杰克股份,0.5
108,2019-06-06,优质饮片获权威中医院青睐 创新奠定康美龙头地位,600518,ST 康美,0.8
109,2023-09-11,ST澄星：公司电子级磷酸产品质量已经得到很多下游客户的肯定,600078,ST 澄星,0.5
110,2023-09-12,芯源微：芯源微上海临港研发及产业化项目已于今年年初顺利完成了主体结构封顶，将争取尽快投入使用,688037,芯源微,0.6
111,2020-02-08,江中药业：向武汉定点收治医院捐赠100万元乳酸菌素片,600750,江中药业,0.6
112,2023-08-29,信达证券给予青岛啤酒买入评级 Q2吨酒收入加速提升 成本环比改善,600600,青岛啤酒,0.6
113,2023-07-13,A股首份半年报出炉 康缘药业上半年归母净利同比增三成,600557,康缘药业,0.7
114,2018-02-08,*ST天成：2017年净利1975万元 同比扭亏,600112,ST 天成,0.6
115,2023-09-22,热景生物：业绩说明会定于10月10日举行,688068,热景生物,0.8
116,2021-11-19,康美药业案一审判决后 多名大学教授辞任上市公司独立董事,600518,ST 康美,0.7
117,2018-04-09,营收停滞净利腰斩长城汽车双积分时代被迫减速慢行,601633,长城汽车,0.4
118,2024-04-22,剑桥科技：2024年第一季度净利润约2595万元,603083,剑桥科技,0.5
119,2020-09-28,秦安股份股价已连续3日跌停 专家：期货市场高风险 不要抱侥幸心理！,603758,秦安股份,0.5
120,2023-10-30,安信证券给予长城汽车买入评级 Q3业绩超预期 新能源越野是核心成长逻辑,601633,长城汽车,0.6
121,2021-04-29,退市警报拉响 9只A股披星戴帽！更有暴涨300%大牛股突遭停牌核查,688068,热景生物,0.6
122,2015-08-04,证金公司再现多家上市公司股东榜,600079,人福医药,0.5
123,2023-09-10,卖掉制药厂 购入煤矿采矿权 上交所火速发问赤天化,600227,赤天化,0.5
124,2019-04-04,开创国际(600097.SH)：股东大连隆泰拟减持不超5.50%股份,600097,开创国际,0.5
125,2024-04-18,明冠新材：张磊辞去公司第四届董事会非独立董事、副总经理职务,688560,明冠新材,0.5
126,2018-03-27,青岛啤酒年报净利增两成 拟10派0.42元,600600,青岛啤酒,0.7
127,2023-05-25,巨头“开战”！长城汽车举报比亚迪,601633,长城汽车,0.5
128,2018-05-08,国机汽车：通过差异化的创新业务来提升竞争力,600335,国机汽车,0.5
129,2018-08-14,起步股份：股价连续涨停 股东拟减持不超6%股份,603557,ST 起步,0.6
130,2017-03-14,赤天化：桐梓化工暂停生产将致2017年利润减少约3148万,600227,赤天化,0.5
131,2019-11-20,长城汽车：旗下WEY品牌将于2022年推出首款氢能源车型,601633,长城汽车,0.6
132,2019-05-06,上交所拷问康美药业 刨根究底12问！300亿为何不翼而飞？管理层是否舞弊？官媒发声：“别拿信披当儿戏”,600518,ST 康美,0.7
133,2020-04-06,安全套现全球疯抢？专家称国内不会短缺 人福医药或受益,600079,人福医药,0.5
135,2023-10-27,五芳斋前三季度营收净利同比双增 粽子系列产品的收入超18亿元,603237,五芳斋,0.8
136,2023-12-11,民丰特纸：公司新8号机和新20机升级技改项目建设正在按计划有序推进之中,600235,民丰特纸,0.6
137,2020-10-24,渝股秦安股份前三季扣非净利1267万元 宗申动力航发子公司完成增资,603758,秦安股份,0.8
138,2021-03-05,杰克股份：第三期员工持股计划暂未通过二级市场买入股票,603337,杰克股份,0.5
139,2019-10-31,宏辉果蔬股份有限公司第三届董事会第二十四次会议决议公告,603336,宏辉果蔬,0.5
140,2023-08-24,百奥泰：上半年净亏损扩至2.54亿元,688177,百奥泰,0.5
141,2019-08-19,ST康美造假为何只查这三年,600518,ST 康美,0.5
142,2024-03-21,年报数据竟连错六年 3.84万户股东懵圈！市值近百亿钢企道歉：系财务人员工作疏忽,600117,*ST 西钢,0.5
143,2021-07-02,秦安股份：拟回购450万至900万股 占总股本1.03%以上,603758,秦安股份,0.7
144,2017-11-17,奥瑞德终止筹划重大资产重组事项,600666,ST 瑞德,0.5
145,2015-05-22,和邦股份：“产品转型+电商”驱动公司完成蜕变,603077,和邦生物,0.5
146,2024-04-15,东鹏饮料(605499.SH)：2023年全年实现净利润20.4亿元，同比增长41.60%,605499,东鹏饮料,0.8
147,2018-05-02,中国巨石：营收与利润同步高增长 海外项目持续扩产,600176,中国巨石,0.7
149,2019-04-19,老凤祥突破股权固化僵局再出发,600612,老凤祥,0.5
150,2023-12-05,汉马科技：醇氢动力系统主要为公司自产的甲醇发动机,600375,*ST 汉马,0.8
151,2023-08-18,长远锂科：2023年半年度净利润约6451万元 同比下降91.49%,688779,长远锂科,0.5
153,2022-10-29,芯源微前三季度营收8.97亿元 净利润增长169%,688037,芯源微,0.7
154,2023-12-22,长远锂科：公司无涉及医药以及半导体行业的材料布局,688779,长远锂科,0.8
155,2023-12-11,ST富润：傅国柱辞去公司董事、副董事长职务,600070,ST 富润,0.7
156,2024-02-07,必得科技：控股股东及其一致行动人拟不超5000万元增持公司股份,605298,必得科技,0.5
157,2021-03-08,长城汽车：2月汽车销量8.9万辆 同比增长788%,601633,长城汽车,0.9
158,2023-04-12,上任仅4个月 倍轻松执行总经理离职,688793,倍轻松,0.5
159,2023-03-31,中国巨石：玻纤产品不同规格型号的价格差异很大 无法像大宗商品一样可以查到详细的产品价格信息,600176,中国巨石,0.5
160,2021-06-03,长城汽车泰国智能工厂将正式投产 年产能为8万辆,601633,长城汽车,0.7
161,2024-03-29,长城汽车：2023年净利同比下降15.06% 拟10派3元,601633,长城汽车,0.6
162,2023-10-24,长城汽车穆峰：已率先提交欧盟反补贴调查应对材料 正推进欧洲工厂选址,601633,长城汽车,0.7
163,2023-07-06,康美案余波未了 签字会计师承担连带责任将重塑审计市场生态,600518,ST 康美,0.5
164,2023-11-03,太平洋给予人福医药买入评级 麻醉业务稳健增长 “归核聚焦”降本增效,600079,人福医药,0.8
165,2024-01-18,新亚电子：公司产品通信线缆及数据线材应用于5G通信用小基站及5G宏站、大型公共场所通信等,605277,新亚电子,0.6
167,2023-12-01,华新水泥：聘任汪晓琼为公司证券事务代表,600801,华新水泥,0.7
168,2018-06-20,通葡股份：大股东拟斥资5000万至1亿元增持,600365,ST 通葡,0.5
169,2022-03-04,ST榕泰：股东高大鹏拟增持1.5%-3%股份,600589,*ST 榕泰,0.5
170,2018-03-07,江中药业跨界酒业遇阻 子公司“江中杞浓”被注销,600750,江中药业,0.5
171,2020-02-19,日产能10万瓶 人福医药启用消杀产品生产线,600079,人福医药,0.6
172,2022-04-20,和邦生物：巨星农牧的德昌基地确实是用光伏一体化进行投资建设的,603077,和邦生物,0.8
173,2021-04-16,巨亏300亿！ST康美或被实施退市风险警示 上交所火速问询,600518,ST 康美,0.5
174,2017-06-09,军工股拉升 长春一东涨停,600148,长春一东,0.8
175,2023-11-14,互动平台也不能“张口就来” 华正新材董秘被警告！,603186,华正新材,0.5
176,2023-10-13,中国巨石坚定玻纤主业 积极拓展新能源板块,600176,中国巨石,0.5
177,2020-08-26,三角轮胎：上半年净利同比增长21%,601163,三角轮胎,0.8
178,2020-07-23,重庆秦安股份期货投资再赚1789万元 今年累计获利达1.52亿元,603758,秦安股份,0.7
179,2020-10-26,出售股权“瘦身”难挽下跌之势 人福医药前三季度净利下降近两成,600079,人福医药,0.5
180,2021-01-07,降价信息未披露 济川药业董事长等三高管被记入诚信档案,600566,济川药业,0.3
181,2019-08-23,被顶格处罚后ST康美连续4涨停 谁在风险捞金？,600518,ST 康美,0.6
182,2024-01-05,汉马科技：公司2023年12月中重卡（含非完整车辆）销量921辆 同比增长29.9%,600375,*ST 汉马,0.5
183,2020-03-27,圣济堂：拟公开挂牌转让桐梓化工100%股权 专注于医药制药业务,600227,赤天化,0.5
185,2023-10-30,ST瑞德录得9天5板,600666,ST 瑞德,0.8
186,2020-01-13,济川药业：子公司获左乙拉西坦注射用浓溶液《药品注册批件》,600566,济川药业,0.5
187,2021-01-22,啤酒板块涨2.97%  青岛啤酒涨幅4.42%居首,600600,青岛啤酒,0.5
188,2022-07-15,新亚电子拟5.55亿元收购中德电缆与科宝光电股权,605277,新亚电子,0.6
189,2023-09-12,ST中珠：实控人许德来因涉嫌挪用资金罪被逮捕,600568,ST 中珠,0.5
190,2023-07-07,中国巨石：公司生产的高模量风电纱产品可以用于下游风力叶片的制造 产品采用自主研发的先进生产技术,600176,中国巨石,0.8
191,2023-11-15,未及时披露被采取刑事强制措施 宁科生物实控人收50万元罚单,600165,ST 宁科,0.5
192,2023-04-18,富吉瑞：目前公司的产品未运用于人工智能、半导体集成电路的产品上,688272,*ST 富吉,0.5
193,2023-01-29,百奥泰：托珠单抗注射液获药品注册证书,688177,百奥泰,0.5
194,2021-06-28,上清所：未收到“18康美MTN005”付息兑付资金,600518,ST 康美,0.5
195,2023-09-04,公司目前的产能利用率是多少呢？芯源微回应,688037,芯源微,0.8
196,2024-04-06,海通国际给予老凤祥优于大市评级：百年珠宝龙头 好机制&强品牌加成渠道张力,600612,老凤祥,0.8
197,2020-09-30,青岛啤酒收购雀巢饮用水业务获批,600600,青岛啤酒,0.7
198,2022-09-20,东鹏饮料面临销量天花板 能量饮料大单品能支撑其走多远 仍是未知数,605499,东鹏饮料,0.5
199,2023-10-13,注意！*ST目药将于10月30日召开股东大会,600671,*ST 目药,0.5
200,2015-10-16,青岛啤酒：中国品牌 世界味道,600600,青岛啤酒,0.5
201,2019-08-16,这只个股业绩超预期 带嗨整个啤酒板块,600600,青岛啤酒,0.6
202,2023-07-24,ST中安：李振东辞去公司副总裁职务,600654,ST 中安,0.3
203,2017-04-08,五个信托产品扎堆增持新日恒力 监管层速问“你们是不是一伙的”,600165,ST 宁科,0.5
204,2017-10-31,三季报速递：实达集团2017年前三季度盈利8378.52万元,600734,ST 实达,0.5
205,2023-07-11,业绩向左股价向右 失速的太平鸟需要新故事,603877,太平鸟,0.4
206,2021-09-18,北特科技总经理靳晓堂：多点发力推动汽配主业快速增长,603009,北特科技,0.6
207,2023-12-27,新华锦：主营业务为发制品、纺织服装产品和二手车出口业务，以及跨境进口电商业务,600735,新华锦,0.6
208,2024-01-26,东鹏饮料二股东拟减持不超3%公司股份 股价跌1.49%,605499,东鹏饮料,0.6
209,2017-05-24,人福医药：筹划对外投资并收购资产 25日停牌,600079,人福医药,0.5
210,2017-02-10,“蒙面增持”或涉信披违规 武昌鱼两大股东双双遭调查,600275,退市昌鱼,0.3
211,2024-02-06,华兴源创：拟以2000万元—4000万元回购公司股份,688001,华兴源创,0.5
212,2023-08-04,龙腾光电：占公司总股本45.9%的限售股将于8月17日上市流通,688055,龙腾光电,0.6
213,2014-07-07,军工股大放异彩 下半年仍值得投资,600391,航发科技,0.8
214,2019-05-29,ST康美使用不实单据及业务凭证 正中珠江：审计证据难辨真伪,600518,ST 康美,0.3
215,2022-07-25,入职30余年 王凤英申请辞去长城汽车总经理职务,601633,长城汽车,0.6
216,2024-04-11,*ST碳元跌停走出5连板,603133,*ST 碳元,0.3
217,2017-08-17,8.88亿并购补偿悬而未决 新日恒力拟逾18亿再跨界,600165,ST 宁科,0.5
218,2023-04-06,昊华科技今日大宗交易折价成交170.32万股 成交额6599.9万元,600378,昊华科技,0.5
219,2017-11-23,奥瑞德拟71.85亿元并购合肥瑞成 进军芯片研发与制造领域,600666,ST 瑞德,0.8
220,2024-03-12,翔宇医疗控股股东、实际控制人承诺：12个月内不减持股份,688626,翔宇医疗,0.8
222,2017-08-27,长城汽车拿什么追求Jeep:上半年净利锐减56%至21亿,601633,长城汽车,0.5
223,2022-02-11,ST起步涉嫌信披违规被立案 投资者索赔预登记启动,603557,ST 起步,0.5
224,2016-03-11,送走资本掮客迎来摘牌王天目药业这回嫁对了吗？,600671,*ST 目药,0.5
225,2021-04-22,2600亿车企巨头员工持股将解禁：276人浮盈超7倍 副总“豪赚”6200万！,601633,长城汽车,0.5
226,2024-02-06,五芳斋：全资子公司通过高新技术企业认定,603237,五芳斋,0.7
227,2019-10-22,中国巨石：前三季度净利15.49亿元 同比降19%,600176,中国巨石,0.7
228,2022-09-20,华泰汽车实控人现状成谜 上交所发函ST曙光要求立刻核实,600303,ST 曙光,0.5
229,2022-01-12,热景生物：新冠抗原检测试剂产品销售存在激烈市场竞争的风险,688068,热景生物,0.5
230,2020-08-17,秦安股份：中报预盈2.45亿元实现扭亏 扣非后净利将转正,603758,秦安股份,0.8
231,2018-01-19,柳钢股份控股股东以逾2亿股持股收购中金金属,601003,柳钢股份,0.5
232,2021-06-10,华正新材大宗交易成交8568.28万元,603186,华正新材,0.6
233,2021-10-21,和邦生物：公司双甘膦产能为20万吨/年,603077,和邦生物,0.6
234,2020-09-11,浙江富润：子公司今日发布区块链解决方案,600070,ST 富润,0.5
235,2023-10-31,营收净利实现双增长 翔宇医疗专利数量突破1500项,688626,翔宇医疗,0.7
236,2021-11-24,*ST康美连收3个涨停板,600518,ST 康美,0.6
237,2022-02-11,上海贝岭：没有相关业务脑科学相关芯片和研究,600171,上海贝岭,0.8
238,2020-05-29,赛腾股份：多名高管拟合计减持不超0.04%股份,603283,赛腾股份,0.8
239,2023-07-07,赤天化：盐酸多奈哌齐片通过仿制药一致性评价,600227,赤天化,0.5
240,2023-08-31,财报里的中国经济丨新能源转型进入“深水区”：长城汽车上半年净利润大跌75.69%,601633,长城汽车,0.5
241,2024-03-29,民生证券给予淮北矿业推荐评级 2023年年报点评：业绩符合预期 煤炭板块盈利稳健,600985,淮北矿业,0.7
242,2023-11-24,江中药业：拟收购江中昌润、江中本草各100%股权,600750,江中药业,0.5
244,2018-05-29,璞泰来：铝塑膜处于小批量生产和市场推广认证阶段,603659,璞泰来,0.5
245,2018-10-08,新华锦4100万元向关联方购买办公楼,600735,新华锦,0.5
246,2024-03-15,和邦生物：武骏光能规划组件产能为8GW,603077,和邦生物,0.5
247,2021-06-01,A股功能饮料第一股成功上市 东鹏饮料欲抢占更多份额,605499,东鹏饮料,0.7
248,2017-09-14,建筑材料板块盘中拉升 华新水泥涨停,600801,华新水泥,0.5
249,2020-12-16,16日公告精选：复星集团减持青啤2.27%股份 8连板大豪科技：重组存不确定性,600600,青岛啤酒,0.5
250,2023-01-15,华福证券给予璞泰来买入评级：负极盈利承压下，业绩符合预期，出货量高增底部区间加码，目标价格为81.10元,603659,璞泰来,0.7
251,2024-03-29,注意！ST起步将于4月15日召开股东大会,603557,ST 起步,0.6
252,2018-04-26,华新水泥：受益水泥涨价 一季度净利增459%,600801,华新水泥,0.6
253,2017-01-16,三大市场信号闪现 新股市场生态骤变,603877,太平鸟,0.5
254,2019-04-22,奥瑞德危机牵出爱建信托1亿保证合同 奥瑞德：未审议,600666,ST 瑞德,0.5
255,2022-03-16,三星医疗：1-2月营业收入预计同比增长约44%,601567,三星医疗,0.7
256,2023-09-11,涨停板ST熊猫：可能存非理性炒作风险 公司预计烟花爆竹出口业绩下滑的现象短时间内不会明显改善,600599,ST 熊猫,0.5
257,2020-10-23,长城汽车三季度总收入262.1亿元 同比增长23.6%,601633,长城汽车,0.8
258,2020-11-16,律师征集投资者索赔北特科技,603009,北特科技,0.8
259,2024-04-15,北特科技： 对外投资设立子公司,603009,北特科技,0.5
260,2021-03-11,太平鸟去年营业收入增长14.24%至90.57亿元 扣非净利润大涨近6成,603877,太平鸟,0.8
261,2021-07-15,专注21年高端按摩器品牌 倍轻松于7月15日成功上市 成为便携按摩器第一股 按摩器的“苹果”,688793,倍轻松,0.8
262,2017-06-08,曙光股份：控股子公司收到3900万元新能源汽车推广补贴,600303,ST 曙光,0.6
263,2019-12-01,康美药业获评“2019践行安全用药社会责任优秀企业”,600518,ST 康美,0.6
264,2019-06-26,江中药业：乳酸菌素片近三年市场份额逐年上涨,600750,江中药业,0.8
265,2024-02-02,秦安股份：拟回购4000万元-8000万元公司股份 回购价不超7.8元/股,603758,秦安股份,0.6
267,2021-01-04,ST康美收2021年首个问询函 财务造假问题曾引发集体诉讼,600518,ST 康美,0.6
268,2019-11-04,ST天成聘任戚莉丽为董秘,600112,ST 天成,0.5
269,2018-07-16,*ST尤夫子公司拖欠9090万货款 遭璞泰来子公司起诉,603659,璞泰来,0.5
270,2021-04-21,长城汽车一季度净利润达16.39亿元,601633,长城汽车,0.8
271,2022-01-18,2万股民懵了！“辛巴概念股”遭立案调查！,603557,ST 起步,0.5
273,2018-10-17,宝马入局 长城要做新能源SUV领导者,601633,长城汽车,0.8
274,2019-07-05,青岛啤酒董事长黄克兴：打造差异化竞争优势,600600,青岛啤酒,0.6
275,2024-03-29,人福医药(600079.SH)：2023年全年实现净利润21.34亿元，同比下降14.07%,600079,人福医药,0.6
276,2021-06-28,芯源微大宗交易成交275.35万元,688037,芯源微,0.2
277,2022-01-25,华西证券维持春风动力买入评级：极核AE8正式发布两轮电摩供给驱动,603129,春风动力,0.5
278,2024-02-08,注意！颀中科技将于2月29日召开股东大会,688352,颀中科技,0.5
279,2014-05-23,投反对票独董陷罢免风波 天目药业“惊动”上交所,600671,*ST 目药,0.6
280,2021-12-30,*ST康美：重整计划执行完毕,600518,ST 康美,0.5
281,2022-07-17,天风证券给予长城汽车买入评级：Q2归母净利润大幅改善 产品结构持续优化带动智能化电动化转型,601633,长城汽车,0.6
282,2024-03-08,交易异动！必得科技：近3个交易日上涨22.65% 无未披露的重大信息,605298,必得科技,0.7
283,2022-11-18,上演3个月“涨停跌停涨停”过山车 ST曙光实控人取保候审 否认华为小米有联系,600303,ST 曙光,0.5
284,2019-07-15,6亿关联收购未披露被关注 欲布局无人机产业链风口,600568,ST 中珠,0.5
285,2022-06-01,左手分红右手转股 “科创板第一股”华兴源创“大发福利”为哪般？,688001,华兴源创,0.5
286,2024-03-30,长城汽车：长城金刚炮8AT上市 售价9.98万元起,601633,长城汽车,0.7
287,2024-02-27,功能糖销量增加 百龙创园净利润增长两成多,605016,百龙创园,0.5
288,2024-04-08,知名痔疮药停产后涨价10多倍 厂家称全球无原料已撤市,600993,马应龙,0.2
289,2021-07-08,青岛啤酒大跌5.07% 股价报101.08元,600600,青岛啤酒,0.1
290,2021-11-23,热景生物：新冠自测试剂已成德国主流自测产品 需求大增多地商超出现抢购,688068,热景生物,0.7
291,2021-07-02,老凤祥：董事会同意将公司B股以介绍方式在港交所主板上市,600612,老凤祥,0.5
292,2020-05-28,上海天洋：拟收购江苏德法瑞新材料科技有限公司100%股权,603330,天洋新材,0.5
293,2014-05-20,长城汽车拟32亿投建俄罗斯生产基地,601633,长城汽车,0.8
295,2020-10-13,什么日子？一大波千亿市值大票创新高 这只龙头股3个月翻两倍,601633,长城汽车,0.5
297,2023-05-03,翔宇医疗荣获“2022年冬奥会、冬残奥会医疗保障突出贡献单位”,688626,翔宇医疗,0.5
298,2021-03-08,天风证券给维持青岛啤酒买入评级：结构升级持续推进 利润弹性不断释放,600600,青岛啤酒,0.8
299,2017-10-27,赤天化停牌筹划重大事项,600227,赤天化,0.5
300,2021-05-16,蹊跷股权转让遭监管质疑 连爆大雷后“童装第一股”ST起步走出6跌停,603557,ST 起步,0.5
301,2024-01-24,剑桥科技录得5天4板,603083,剑桥科技,0.5
302,2021-06-22,[路演]太原重工：积极进行转型产品的开发,600169,太原重工,0.5
303,2021-11-03,刚刚公布！“公募一哥”又来这家公司调研,605499,东鹏饮料,0.6
304,2017-06-06,开创国际：小间科技逼近三度举牌 拟继续增持1.99%-9.99%股份,600097,开创国际,0.5
305,2021-06-24,*ST天成：股价涨幅异常 明起停牌核查,600112,ST 天成,0.5
307,2023-10-15,金价“过山车”式波动 从业者直呼市场“像赌博” 黄金品牌如何对冲风险？,600612,老凤祥,0.5
308,2023-06-07,剑桥科技股东拟减持不超2.95%股份,603083,剑桥科技,0.5
309,2022-04-26,大业股份：2021年实现营收41.44亿元 同比增长34.81%,603278,大业股份,0.8
310,2021-05-10,华西证券维持翔宇医疗买入评级,688626,翔宇医疗,0.8
311,2024-01-03,百龙创园：1月3日召开董事会会议,605016,百龙创园,0.5
312,2019-03-03,长城汽车：低估值遇上“汽车下乡”,601633,长城汽车,0.5
313,2020-11-20,宏辉果蔬：部分募投项目试生产,603336,宏辉果蔬,0.6
314,2021-02-02,圣济堂：赤天化集团被动减持1200万股 减持股份数量已过半,600227,赤天化,0.5
315,2017-12-19,雷鸣科化逾203亿收购淮矿股份100%股份 20日复牌,600985,淮北矿业,0.5
316,2022-06-09,国机汽车：2021年新签广汽本田新能源车产能扩大建设项目、新签比亚迪多个基地装备总承包项目等,600335,国机汽车,0.8
317,2023-03-31,大地熊2022年营收增长28% 投资项目顺利推进,688077,大地熊,0.8
318,2023-10-25,ST瑞德录得6天4板,600666,ST 瑞德,0.7
319,2018-11-28,广东榕泰：转让佳富实业股权 预计获收益逾1亿元,600589,*ST 榕泰,0.6
321,2018-12-02,从昔日几间破旧校舍到如今缝纫机行业一哥 杰克股份用23年诠释一个词！未来他们这样转型,603337,杰克股份,0.8
322,2023-08-30,西南证券给予百龙创园买入评级 业绩稳定增长，新产能推动持续发展 目标价格为26.68元,605016,百龙创园,0.7
324,2016-03-07,开滦集团“十二五”回眸：现代服务业求变求进,600997,开滦股份,0.5
325,2023-07-17,大地熊：公司已开展各向同性钐铁氮橡胶磁产品的技术开发,688077,大地熊,0.5
326,2022-04-02,中泰证券维持淮北矿业买入评级：新建产能陆续投产 业绩增长可期,600985,淮北矿业,0.8
327,2023-08-28,明冠新材：业绩说明会定于9月22日举行,688560,明冠新材,0.5
328,2021-01-03,康美药业投资者索赔会是中国版首例集体诉讼案吗？还有这些地方存争议,600518,ST 康美,0.6
329,2023-09-06,昊华科技：多个项目计划年底前建成投产 推进收购中化蓝天,600378,昊华科技,0.8
330,2023-08-20,*ST目药：拟向汇隆华泽定增募资2.78亿元,600671,*ST 目药,0.5
331,2019-04-18,熊猫金控2018年亏损逾5503万元 互金业务多数已被出售,600599,ST 熊猫,0.1
332,2022-04-26,博众精工：自动化底层技术构筑壁垒 新能源设备订单同比增长283%,688097,博众精工,0.8
334,2024-02-19,ST通葡：监事高成龙增持2000股,600365,ST 通葡,0.5
335,2018-09-11,奥康国际：首次回购逾500万元公司股份,603001,ST 奥康,0.6
336,2014-08-04,天科股份 上半年营收净利双增,600378,昊华科技,0.6
337,2023-12-27,民丰特纸：12月27日召开董事会会议,600235,民丰特纸,0.6
338,2021-09-10,长城汽车：1-8月海外销量累计达8.65万 同比增长156.8%,601633,长城汽车,0.7
339,2023-05-25,交易异动！剑桥科技：近3个交易日上涨21.99% 无未披露的重大信息,603083,剑桥科技,0.7
340,2018-10-18,人福医药：盐酸安非他酮缓释片获美国FDA批文,600079,人福医药,0.8
341,2017-12-25,新华锦：股价波动属市场行为 不会出现强制平仓问题,600735,新华锦,0.7
342,2018-04-22,三角轮胎：首个海外基地项目正式启动,601163,三角轮胎,0.8
343,2023-11-26,长城汽车欧拉：女性用户占比超75%,601633,长城汽车,0.8
344,2018-03-20,通葡股份7倍溢价收购股民脚投票 停牌4个月吃跌停,600365,ST 通葡,0.3
345,2015-08-14,陕西黑猫:2季度单季亏损主因装置升级改造,601015,陕西黑猫,0.6
346,2023-10-17,和邦生物：公司拥有7万吨/年的液体蛋氨酸 是国内第二家实现液体蛋氨酸量产的企业,603077,和邦生物,0.3
347,2023-12-18,剑桥科技：上海康令科技合伙企业减持公司股份约128万股,603083,剑桥科技,0.5
348,2017-01-23,交大昂立：收到上海证监局行政监管措施决定书,600530,ST 交昂,0.5
349,2024-02-28,泛亚微透：2023年度净利润约8789万元，同比增加180.41%,688386,泛亚微透,0.7
350,2021-06-16,大资金慌了！连续涨停后 人气股突发公告 什么情况？,605499,东鹏饮料,0.7
351,2021-03-15,春风动力：拟定增募资不超17.27亿元,603129,春风动力,0.8
353,2023-10-23,青岛啤酒：相关批次麦芽已全部封存 公司生产经营情况一切正常,600600,青岛啤酒,0.8
355,2023-09-14,奥普家居：公司目前与华为无商业合作,603551,奥普家居,0.7
356,2021-04-19,亏损＞市值 康美之外还有*ST众泰们,600518,ST 康美,0.5
357,2015-12-15,新日恒力谋求转型升级15亿并购博雅干细胞,600165,ST 宁科,0.5
358,2021-10-07,永冠新材：董事、副总经理兼董事会秘书杨德波遭遇意外去世,603681,永冠新材,0.5
359,2021-12-22,ST熊猫收上交所问询函 要求说明孙公司使用投资人兑付款投资公司股票是否合法合规,600599,ST 熊猫,0.5
361,2018-10-23,康缘药业：拟不超2.5亿元回购股份,600557,康缘药业,0.5
362,2023-07-10,太平鸟：预计2023年上半年净利润为2.51亿元左右 同比增加89%左右,603877,太平鸟,0.8
363,2019-08-16,ST康美3年累计虚增货币资金887亿！22人被处罚 6人市场禁入,600518,ST 康美,0.1
365,2020-07-01,碳元科技：有为华为Mate30提供高导热石墨膜,603133,*ST 碳元,0.5
366,2024-04-13,康缘药业：2024年第一季度净利润约1.48亿元,600557,康缘药业,0.8
367,2019-04-29,人福医药(600079.SH)2董事完成股份增持计划,600079,人福医药,0.6
369,2023-12-01,明冠新材：累计回购约729万股,688560,明冠新材,0.7
370,2024-04-16,ST起步(603557.SH)预计2023年净利润为负，公司面临负值风险和偿债风险,603557,ST 起步,0.3
371,2020-04-01,淮北矿业发行15亿元短期融资券,600985,淮北矿业,0.5
372,2020-02-25,两连板南卫股份：目前口罩业务占去年营业收入比重不足0.3%,603880,ST 南卫,0.1
373,2020-09-28,复盘23涨停股：煤炭逆势走高 曙光股份2连板,600303,ST 曙光,0.7
374,2023-07-02,深度参与闽港数字经济合作 ST实达助力数字中国建设,600734,ST 实达,0.8
375,2023-04-26,注意！百奥泰将于5月18日召开股东大会,688177,百奥泰,0.5
376,2023-10-20,青岛啤酒被曝工人爬进原料仓小便 当地市场监管局：现在正在调查中,600600,青岛啤酒,0.3
377,2020-12-28,秦安股份：股份回购比例已达3%,603758,秦安股份,0.5
378,2023-05-25,长城汽车实名举报比亚迪背后：常压油箱成焦点、自主插混市场加剧“内卷”,601633,长城汽车,0.5
379,2018-05-11,太平鸟：股东Proven拟减持不超10.92%股份,603877,太平鸟,0.5
380,2019-06-21,实达集团拟定增13亿元  引入国资战投缓解流动性压力,600734,ST 实达,0.7
381,2024-03-22,江中药业：2023年度净利润约7.08亿元 同比增加18.4%,600750,江中药业,0.8
382,2024-04-17,威奥股份：4月17日召开董事会会议,605001,威奥股份,0.8
383,2021-11-23,曾经的“科创板第一牛股”发威！新冠自测产品国外卖爆 股价一天涨超10%,688068,热景生物,0.6
384,2016-04-06,业绩 诉讼双重承压 华新水泥寻求海外突围,600801,华新水泥,0.5
385,2021-03-12,ST中安索赔额已超六亿元,600654,ST 中安,0.1
386,2017-05-03,华菱星马控股股东拟转让股份,600375,*ST 汉马,0.5
387,2024-04-01,明冠新材：累计回购股份数量约为1138万股,688560,明冠新材,0.6
388,2021-01-24,长城汽车募集80亿资金 将用于新车型及汽车数字化研发,601633,长城汽车,0.5
389,2021-09-10,华新水泥：公司副总裁陈兵被留置调查 已辞职,600801,华新水泥,0.5
390,2023-07-21,青岛啤酒股价19日闪崩 职工股将解禁浮盈超3倍 董事长、总裁刚套现百万,600600,青岛啤酒,0.3
391,2024-04-15,ST实达：公开挂牌转让全资子公司福州智晟100%股权,600734,ST 实达,0.7
392,2018-10-23,终止连跌仅一天康美药业再度跌停 知名游资买入上亿元,600518,ST 康美,0.5
393,2015-08-18,国机汽车：爆炸核心区损毁汽车货值30亿,600335,国机汽车,0.6
394,2020-02-09,昊华科技转产“防护服” 日产可达4500余套,600378,昊华科技,0.5
395,2018-11-08,“黑公关”事件更新“剧情”：吉利将长城告上法庭,601633,长城汽车,0.5
396,2020-06-19,[公司]通葡股份第一大股东终止实施增持计划 已增持26万股,600365,ST 通葡,0.7
397,2017-07-07,开创国际：小间科技等股东违规举牌被警示,600097,开创国际,0.5
398,2024-02-21,翔宇医疗：2023年净利润2.3亿元 同比增长82.96%,688626,翔宇医疗,0.7
399,2023-04-19,赛腾股份：Lim Kok Oon因身体原因辞去董事职务,603283,赛腾股份,0.5
400,2021-01-11,热景生物：2020年净利预增216%左右,688068,热景生物,0.6
401,2019-09-25,春风动力：子公司部分产品排除加征关税,603129,春风动力,0.8
402,2019-01-31,康美药业忍痛割爱 13.9亿元转让广发基金股权,600518,ST 康美,0.5
403,2021-12-16,细节蹊跷！创纪录横财浮出水面 这家公司重整投资人竟要1.5折入股？,600734,ST 实达,0.5
404,2023-12-04,热景生物：基于尧景基因自主知识产权的新靶点小核酸创新药物研发，已在多个领域取得进展,688068,热景生物,0.8
405,2015-09-15,柳钢“单飞”武钢独担2000亿防城港项目,601003,柳钢股份,0.8
406,2019-03-15,江中药业去年净利4.70亿同比增13% 董事长钟虹光年薪46万元,600750,江中药业,0.6
408,2019-12-15,圣济堂旗下医院封顶,600227,赤天化,0.5
409,2018-01-26,赤天化拟更名并牵手中钰资本,600227,赤天化,0.5
410,2023-07-13,上半年业绩上涨却惨遭跌停 投资者为何抛弃康缘药业？,600557,康缘药业,0.6
411,2022-07-20,国信证券维持太平鸟买入评级：经营环境承压 2022二季度业绩预计亏损5700万元,603877,太平鸟,0.5
413,2023-05-05,投资逾百亿 这家中资企业将建欧洲最大锂电负极工厂,603659,璞泰来,0.6
414,2018-06-04,康美药业四度卷入贪腐案 曾行贿证监会投保局原局长李量,600518,ST 康美,0.5
415,2020-01-02,宏辉果蔬：发行3.32亿元可转债事项获证监会核准批复,603336,宏辉果蔬,0.8
416,2021-02-21,长城控股旗下自动驾驶公司毫末智行近日已完成3亿元Pre-A轮融资,601633,长城汽车,0.7
417,2024-02-01,ST实达：控股股东关联方拟增持1000万元-2000万元公司股份,600734,ST 实达,0.6
418,2024-01-25,募投项目相关信披不及时不准确，半年报信披不准确，天永智能及时任董秘、财务总监等遭上交所监管警示,603895,天永智能,0.5
419,2022-01-11,康缘药业：公司已储备、立项多个古代经典名方中药复方制剂的研发项目,600557,康缘药业,0.7
420,2018-01-26,存量资产卖不掉、医药标的买不了 赤天化转型中能否避免“戴帽”,600227,赤天化,0.5
422,2015-04-16,新日恒力控股权今日拍卖,600165,ST 宁科,0.5
423,2021-07-23,25连板妖股今日复牌！“沾酒就醉”股价大涨240% 上交所连夜再发监管金牌,600112,ST 天成,0.7
426,2024-01-22,ST瑞德：拟以1.75亿元投建算力集群三期项目,600666,ST 瑞德,0.5
427,2019-07-09,上海天洋：斥资2452.86万元收购信友新材20.96%股权,603330,天洋新材,0.6
428,2024-01-11,北特科技：电子助力刹车系统（EBB）由齿轮、输入轴、装配件等组成,603009,北特科技,0.8
429,2020-08-16,法院撤回拍卖ST昌鱼控股股东所持17.39%股份,600275,退市昌鱼,0.5
430,2020-03-25,起步股份：累计收到政府补贴2608.18万元,603557,ST 起步,0.5
431,2022-01-06,两连板交大昂立：“昂立超级克幽益生菌粉”已不再生产,600530,ST 交昂,0.5
432,2018-09-30,持股19.77% 华泰汽车与曙光集团完成股权交割,600303,ST 曙光,0.8
433,2024-01-04,人福医药：子公司氨酚羟考酮片获药品注册证书,600079,人福医药,0.7
434,2020-07-24,华菱星马半年报：上半年净亏9626万元 去年同期盈利2857万元,600375,*ST 汉马,0.5
435,2019-05-21,财报存在重大虚假 ST康美复牌一字跌停,600518,ST 康美,0.1
436,2023-06-04,百奥泰：生物药集采是大势所趋 集采将对公司产生积极影响,688177,百奥泰,0.5
438,2021-03-05,全国人大代表、长城汽车总裁王凤英：响应国家双循环发展格局 推动中国新能源汽车产业全球化发展,601633,长城汽车,0.7
439,2021-03-15,璞泰来2020年净利润同比增长3% 拟10转4派4.1元,603659,璞泰来,0.6
440,2018-11-12,赛腾股份拟以2.1亿收购菱欧科技,603283,赛腾股份,0.5
441,2018-06-20,中安科：董事会、监事会拟换届选举,600654,ST 中安,0.5
442,2020-04-22,天目药业被查前已明确违规,600671,*ST 目药,0.6
443,2019-04-26,华菱星马(600375.SH)一季度净利润降38.80%至595.54万元,600375,*ST 汉马,0.5
444,2017-12-20,人福医药增资新加坡健康护理 调整两性健康业务,600079,人福医药,0.5
445,2023-10-11,与宁德时代达成战略合作 璞泰来加快复合集流体量产和产业化进程,603659,璞泰来,0.7
446,2019-12-05,长城汽车：“长城炮”皮卡万台下线 助推长城汽车全球化进程,601633,长城汽车,0.8
447,2017-07-21,华新水泥半年报业绩预增逾85倍,600801,华新水泥,0.7
448,2024-04-14,民生证券给予璞泰来推荐评级，2023年年报及2024年一季报点评：负极盈利承压，新品研发引领新增长,603659,璞泰来,0.5
449,2023-12-14,核心产品需求旺盛 康缘药业业绩增速有望恢复,600557,康缘药业,0.8
450,2018-10-10,子公司经营恶化 九有股份回复上交所称7700万元商誉存在减值风险,600462,ST 九有,0.3
451,2019-05-03,这家公司300亿货币资金“一夜蒸发” 券商强烈“唱多”背后是工作失误还是另有隐情？,600518,ST 康美,0.3
452,2014-07-31,上市公司再掀转型热潮 大多追逐短期市场热点,600599,ST 熊猫,0.5
453,2022-02-11,明冠新材：公司现有派能科技、赣峰电池等客户均处于扩产阶段 同时公司铝塑膜在头部客户测试正常推进,688560,明冠新材,0.8
454,2024-01-23,泛亚微透：控股股东、实控人等承诺特定期间不减持公司股份,688386,泛亚微透,0.5
455,2023-09-26,三星医疗：公司海外销售网络覆盖全球70多个国家和地区,601567,三星医疗,0.5
456,2019-09-27,昊华科技：中化旗下的新材料龙头 服务国家科技战略,600378,昊华科技,0.6
457,2021-09-17,昊华科技董事长胡冬晨：致力于成为先进化工材料行业引领者,600378,昊华科技,0.8
458,2020-10-23,春风动力前三季度净利2.97亿元   同比增近110%,603129,春风动力,0.8
459,2020-12-02,同业整合拉开序幕 中国巨石拟收购中材科技旗下玻纤资产,600176,中国巨石,0.8
460,2021-07-02,又一例B转H！老凤祥拟登陆港交所 B股改革进入“去库存”攻坚阶段！,600612,老凤祥,0.5
461,2023-05-26,注意！ST熊猫将于6月12日召开股东大会,600599,ST 熊猫,0.5
462,2023-06-05,长远锂科：控股股东五矿股份及其一致行动人减持“锂科转债”325万张,688779,长远锂科,0.5
463,2024-01-22,ST瑞德：子公司拟1.75亿元投建算力租赁三期项目,600666,ST 瑞德,0.5
465,2018-11-02,赛腾股份拟发行定向可转债及股份购买资产,603283,赛腾股份,0.5
466,2023-08-28,泛亚微透：2023年半年度净利润约4002万元 同比增加51.44%,688386,泛亚微透,0.8
467,2023-10-18,华正新材：公司高导热产品有在汽车大灯方面的应用 复合材料可用于新型手机背板,603186,华正新材,0.5
468,2023-08-04,ST起步：公司暂无引入战略投资者和定增计划,603557,ST 起步,0.5
469,2021-11-10,市场波动各显神通：华新水泥“走出去” 海螺水泥“买同行”,600801,华新水泥,0.5
470,2021-03-16,华正新材：华立集团尚未减持公司股份 减持计划时间已过半,603186,华正新材,0.5
471,2023-04-24,长远锂科：2022年净利润增长112.59% 今年一季度净利润下降99.69%,688779,长远锂科,0.6
472,2023-09-27,丰华股份连续两日跌停 公司否认是华为供应商,600615,丰华股份,0.5
473,2020-04-21,天目药业的收购循环剧：谁是“游戏”的赢家？,600671,*ST 目药,0.5
474,2015-09-24,“和邦生物”构建新型农业电子商务平台,603077,和邦生物,0.5
475,2023-06-05,长城汽车：前5月销量合计41.41万辆 同比下滑0.78%,601633,长城汽车,0.3
476,2024-03-04,老凤祥：2023年净利润22.14亿元 同比增长30.23%,600612,老凤祥,0.6
477,2023-12-11,注意！新亚电子将于12月28日召开股东大会,605277,新亚电子,0.5
478,2023-10-26,国金证券给予三星医疗买入评级,601567,三星医疗,0.5
479,2017-02-10,曙光股份控制权“一女二嫁”,600303,ST 曙光,0.5
480,2022-07-08,国机汽车：预计2022年上半年净利润1.85亿元~2.05亿元 同比增长65.23%~83.09%,600335,国机汽车,0.8
481,2021-07-06,老周侃股：*ST天成已沦为投机炒作的工具,600112,ST 天成,0.1
482,2020-09-07,五连板ST康美：托管协议等尚未生效 仍存重大不确定性,600518,ST 康美,0.5
483,2022-04-20,森林包装：公司确实存在归属上市公司股东的所有者权益占总资产比率较高的形情,605500,森林包装,0.5
484,2023-11-15,翔宇医疗：苏州济峰、嘉兴济峰一号、福州济峰减持计划时间届满 均未减持公司股份,688626,翔宇医疗,0.5
485,2022-10-12,东鹏饮料：预计前三季度净利同比增14.49%到18.11%,605499,东鹏饮料,0.6
486,2023-12-04,金价上破2100美元足金首饰零售价攀涨！上市公司称业绩受益程度还看需求,600612,老凤祥,0.5
487,2016-07-22,中安消17亿并购三公司 构建大安全生态系统,600654,ST 中安,0.5
488,2021-09-09,曙光股份：前8月整车销量4874辆 同比增长19.2%,600303,ST 曙光,0.6
489,2023-06-30,成交均价134.25元！春风动力：2022年及2023年员工持股计划进展暨股份回购,603129,春风动力,0.5
490,2023-09-13,医疗+房地产概念股公告，实控人被执行逮捕！最新筹码集中股出炉，多只绩优筹码连续集中股股价深度回调,600568,ST 中珠,0.5
491,2021-03-22,上交所向起步股份发关注函，要求公司说明2020年业绩大幅下降的原因及合理性,603557,ST 起步,0.5
492,2023-08-21,卖不动的太平鸟,603877,太平鸟,0.5
493,2021-03-22,ST通葡：近五年不存在被证监会及其派出机构和交易所处罚的情况,600365,ST 通葡,0.5
494,2023-07-31,春风动力：员工持股计划购买公司股票合计2.97万股,603129,春风动力,0.8
495,2017-10-19,柳钢股份：前三季度净利润同比增长九倍,601003,柳钢股份,0.6
496,2019-05-17,刘俊海：“两康财务事件”凸显资本市场需引进10倍惩罚性赔偿制度,600518,ST 康美,0.8
497,2020-05-21,长城汽车：低门槛股权激励撒“红包”,601633,长城汽车,0.8
498,2024-02-22,煤炭板块持续走强 淮北矿业、山煤国际等多股创历史新高,600985,淮北矿业,0.6
499,2023-05-19,剑桥科技：减持计划实施完毕，IPO前股东HK Holding套现约1亿元,603083,剑桥科技,0.6
500,2020-12-31,12月汽车股：长城市值飙涨近千亿 小康股份两月“喜提”14涨停,601633,长城汽车,0.7
501,2024-04-17,翔宇医疗2023年净利润2.27亿元 直接客户收入增长近8成,688626,翔宇医疗,0.7
502,2022-04-01,城市传媒：累计回购3810.17万股 占比5.43%,600229,城市传媒,0.8
503,2024-04-08,连板股开启“炼狱模式”：天地板后ST宁科走出三个跌停 普路通连续一字跌停,600165,ST 宁科,0.6
504,2021-04-28,12个交易日涨幅达272.22%！热景生物明日起停牌核查,688068,热景生物,0.6
505,2022-03-08,长城汽车回应2月销量下滑：系博世ESP供应短缺等因素所致,601633,长城汽车,0.5
506,2023-09-01,财报季｜长城汽车上半年营收700亿元 研发费用增长向智能新能源转型,601633,长城汽车,0.7
507,2022-01-07,圣济堂：贵州观山湖大健康医疗综合体项目预计10月试运营,600227,赤天化,0.8
508,2018-02-07,赤天化复牌后股价跌三成 停牌筹划定增事项,600227,赤天化,0.5
509,2023-10-26,民生证券给予三星医疗推荐评级,601567,三星医疗,0.7
510,2024-03-06,*ST西钢：公司订单满足正常生产需要 劳动生产率正常,600117,*ST 西钢,0.5
511,2020-07-10,康美药业实际控制人身陷囹圄 律师称其难被取保,600518,ST 康美,0.5
512,2019-04-24,标准股份去年营收7.47亿同比增6% 董事长朱寅薪酬61万元,600302,标准股份,0.6
513,2017-09-14,机构介入 柳钢股份涨停,601003,柳钢股份,0.8
514,2020-08-13,果然期货“大神”！秦安股份董事长带队 4个月大赚4.46亿！,603758,秦安股份,0.6
515,2023-07-14,长城汽车：品牌及渠道建设投入加大，上半年归母净利润同比预降72.32%到79.47%,601633,长城汽车,0.5
516,2023-04-25,青岛啤酒一季度净利增超28%创下新高 中高端产品销量增一成,600600,青岛啤酒,0.6
517,2019-05-21,熊猫金控财务总监王正辞职 2018年年薪为42万元,600599,ST 熊猫,0.5
518,2024-01-17,百亿关头“微醺” 东鹏饮料跨界卖酒：“撒网式”多元化能否化解大单品依赖症,605499,东鹏饮料,0.6
519,2022-03-04,济川药业：小儿豉翘清热颗粒关于“治疗外感发热的药物组合物及其制备方法”专利期限至2025年8月16日,600566,济川药业,0.8
520,2024-04-15,太平鸟：一季度净利润1.59亿元，同比下降26.92%,603877,太平鸟,0.6
521,2019-06-11,长城全工艺工厂落子俄罗斯：中国汽车“走出去”进入新阶段,601633,长城汽车,0.8
522,2022-05-27,东鹏饮料：第二大股东君正投资拟减持不超1200万股,605499,东鹏饮料,0.7
523,2022-01-16,曙光股份回应关联收购 10年主营亏损有解了？,600303,ST 曙光,0.6
524,2023-09-04,开创国际：公司目前运营正常,600097,开创国际,0.5
525,2014-08-12,结构化产品定增遭冷遇 康缘药业撤销财务杠杆,600557,康缘药业,0.5
526,2021-03-02,百奥泰：职工监事变更为陈奕藩,688177,百奥泰,0.5
527,2021-09-17,江中药业拟收购海斯制药51%股权,600750,江中药业,0.5
528,2023-09-15,三星医疗今日大宗交易折价成交800万股 成交额1.17亿元,601567,三星医疗,0.5
529,2021-03-22,长城汽车表示下个月将推出“坦克”越野车品牌,601633,长城汽车,0.5
530,2019-04-30,康美药业近300亿货币资金“一笔勾销”？上交所发监管函,600518,ST 康美,0.7
531,2020-07-09,康美药业实际控制人马兴田被公安机关采取强制措施,600518,ST 康美,0.5
532,2023-08-08,半年才赚11亿 股东、高管却套现103亿！东鹏饮料怎么了？,605499,东鹏饮料,0.5
533,2016-12-07,举牌方表态继续增持 莫高股份控股权之争升级,600543,*ST 莫高,0.6
534,2024-03-28,龙年“第一会”花落并购重组 投行招兵买马掘金新业务,600378,昊华科技,0.5
535,2023-12-07,注意！*ST西钢将于12月25日召开股东大会,600117,*ST 西钢,0.5
536,2017-04-06,天科股份：高管闪辞 不看好前景？,600378,昊华科技,0.5
538,2017-08-15,西宁特钢：上半年净利润同比扭亏为盈,600117,*ST 西钢,0.5
539,2023-05-26,明冠新材：3721.41万股限售股6月6日解禁上市,688560,明冠新材,0.5
540,2017-11-24,新华锦控股股东完成增持计划,600735,新华锦,0.5
541,2020-12-09,丰华股份：独立财务顾问认为公司终止重组的程序合法合规,600615,丰华股份,0.7
542,2023-08-29,倍轻松：聘任林夏婷为公司证券事务代表,688793,倍轻松,0.5
543,2019-05-23,实达集团2018年报遭问询 涉公司负债、资产交易等问题,600734,ST 实达,0.6
546,2024-03-12,秦安股份：2023年净利润同比增长43.87%,603758,秦安股份,0.8
547,2022-07-26,长城汽车旗下魏牌拿铁DHT-PHEV混动新能源车发布,601633,长城汽车,0.8
549,2019-06-12,贵州长征天成控股股份有限公司关于收到贵州证监局行政监管措施决定书的公告,600112,ST 天成,0.5
550,2023-10-22,济川药业：前三季度归母净利润19.44亿元 同比涨22.11%,600566,济川药业,0.8
551,2022-03-02,"东鹏饮料去年营收69.78亿元, 主力产品东鹏特饮贡献超九成",605499,东鹏饮料,0.7
552,2023-11-29,人福医药：子公司收到罗库溴铵注射液的《药品注册证书》,600079,人福医药,0.8
553,2019-06-11,哈弗H6/F7领跑 长城1-5月销量同比增5.11%,601633,长城汽车,0.6
554,2023-07-03,ST起步：“起步转债”累计转股约2410.62万股,603557,ST 起步,0.5
555,2019-07-20,产能量价齐升 这只白马股盈利创历史新高 业绩预告后机构紧急上调目标价,600801,华新水泥,0.7
556,2021-01-25,长城汽车2020年营收超1032亿元 同比增长7.35%,601633,长城汽车,0.8
557,2021-10-26,啤酒板块迎来久违大涨 机构预期啤酒四季度或提价,600600,青岛啤酒,0.6
558,2023-12-13,康缘药业：公司散寒化湿颗粒等部分药品纳入国家医保目录,600557,康缘药业,0.7
561,2023-02-22,ST榕泰：榕泰瓷具累计质押股份数量（含本次）为4300万股,600589,*ST 榕泰,0.5
562,2023-04-15,中国巨石董事长常张利：公司粗纱和电子布产能规模已成世界第一,600176,中国巨石,0.5
563,2020-02-22,海航创新股价异动：控股股东不存在重组等重大事项,600555,退市海创,0.6
564,2020-12-31,中金将长城汽车A/H股目标价分别上调25%/32% 看好公司智能驾驶战略前景,601633,长城汽车,0.8
565,2019-05-08,起步股份(603557.SH)拟斥资15.94亿元收购泽汇科技88.5714%的股权 明起复牌,603557,ST 起步,0.8
566,2017-06-09,丹东黄海5.81亿元新能源补贴入账 曙光股份称公司将显著改善现金流,600303,ST 曙光,0.6
568,2022-01-06,长城汽车：2021年汽车销量同比增长15.24%,601633,长城汽车,0.7
569,2021-01-26,都在“抓大弃小” 这家10亿市值的ST公司却突然被举牌 有啥玄机？,600671,*ST 目药,0.6
570,2022-12-07,圣济堂：子公司目前有5个感冒类产品批文 包括九龙解毒胶囊、感冒康胶囊等,600227,赤天化,0.8
571,2015-11-23,中珠控股筹划签订合作协议 今日停牌一天,600568,ST 中珠,0.4
572,2019-05-18,证监会：康美药业2016至2018年财报存在重大虚假,600518,ST 康美,0.1
573,2019-05-21,实地探访：康美药业“戴帽”首日 437万手封跌停！,600518,ST 康美,0.5
574,2022-10-13,剑桥科技连收3个涨停板,603083,剑桥科技,0.7
575,2024-03-18,百奥泰：与SteinCares就两款在研生物类似药签署授权许可与商业化协议,688177,百奥泰,0.8
576,2022-04-01,长城汽车将加速电动化进阶 无钴电池将实现更大规模搭载,601633,长城汽车,0.6
577,2023-12-22,中国巨石：公司目前无PEEK材料,600176,中国巨石,0.6
578,2023-08-25,百龙创园：业绩说明会定于9月8日举行,605016,百龙创园,0.5
579,2021-03-31,高瓴又有新动作！旗下私募现身这家车企前十股东 还布局这些票,601633,长城汽车,0.5
580,2022-05-09,璞泰来：公司生产基地分布于江西、福建、江苏、广东及内蒙等地 目前均正常生产经营,603659,璞泰来,0.5
581,2024-01-09,“省”出4亿净利润 除了关店、下调经费 太平鸟还需要做更多,603877,太平鸟,0.5
582,2023-03-03,国机汽车：近日 中汽工程中标Horizon Plus泰国新能源汽车工厂涂装车间设备总承包项目,600335,国机汽车,0.5
583,2020-07-10,ST康美股价缩水近八成 18万股民被套,600518,ST 康美,0.3
584,2017-08-02,和邦生物变脸大戏：陌生人变董事长 导演最疯高送转,603077,和邦生物,0.5
585,2023-01-30,交大昂立：预计2022年年度净利润约为-1亿元,600530,ST 交昂,0.2
586,2022-10-11,工业母机板块异动拉升 赛腾股份涨超7%,603283,赛腾股份,0.5
587,2020-12-09,华兴源创：苹果公司为公司全资子公司欧立通的终端客户,688001,华兴源创,0.5
588,2020-01-14,长城整车项目环境影响 报告书通过专家评审,601633,长城汽车,0.5
589,2020-09-22,快手“网红一哥”炒A股！一出手连拉4个涨停 狂赚3个亿,603557,ST 起步,0.7
590,2023-02-09,ST中珠第一大股东长期隐瞒背后金主 深商控股绕过内部审批程序“明债实股”？,600568,ST 中珠,0.2
591,2023-06-25,上交所中报预约时间出炉，康缘药业拔得头筹,600557,康缘药业,0.5
592,2024-04-15,负极材料行业处洗牌阶段 璞泰来去年净利降38.42%,603659,璞泰来,0.4
593,2023-05-09,ST曙光：前4月整车合计销量424辆 同比降62.68%,600303,ST 曙光,0.1
594,2024-01-26,东鹏饮料：2023年净利润同比预增38%到43%,605499,东鹏饮料,0.6
595,2023-12-07,三星医疗：拟1.5亿元-3亿元回购股份,601567,三星医疗,0.6
596,2023-02-17,淮北矿业于海南投资设立新公司 注册资本1亿元,600985,淮北矿业,0.7
597,2020-10-18,上海天洋股价本周上涨逾14%,603330,天洋新材,0.7
598,2023-02-02,倍轻松：累计回购约48万股 占比0.77%,688793,倍轻松,0.5
599,2021-04-25,东吴证券维持青岛啤酒买入评级：Q1业绩符合预期 产品坚持高端化,600600,青岛啤酒,0.8
600,2023-10-23,青岛啤酒“小便事件”仍在发酵......,600600,青岛啤酒,0.5
601,2020-12-03,淮北矿业：股东中国信达减持计划完成 减持股份约1936万股,600985,淮北矿业,0.5
602,2021-02-04,半个月大涨142% 四连板陕西黑猫再度提示风险,601015,陕西黑猫,0.5
603,2019-07-12,奥瑞德：成功举办热弯机新产品发布会,600666,ST 瑞德,0.7
604,2020-05-07,江中药业大宗交易成交23.38万股 成交额283.60万元,600750,江中药业,0.5
605,2018-01-30,“卖猪扭亏”拟摘帽 *ST昌鱼盈利模式遭质疑,600275,退市昌鱼,0.5
606,2020-07-08,长城汽车6月销量同比增长29.6%,601633,长城汽车,0.8
607,2020-11-06,事关汽车产业命运！联合董扬、徐长明等权威专家 走进长城汽车,601633,长城汽车,0.6
608,2020-11-06,市占率近半 长城汽车上攻皮卡细分市场,601633,长城汽车,0.5
609,2023-11-13,陕西黑猫：董事会审议通过《关于对外投资设立全资子公司的议案》,601015,陕西黑猫,0.5
610,2021-03-01,丰华股份：控股股东隆鑫控股2000万股被司法冻结,600615,丰华股份,0.5
611,2024-01-23,正极材料出货“量价齐跌” 长远锂科2023年业绩预亏,688779,长远锂科,0.6
612,2018-12-14,剑桥科技收监管函 要求说明互动平台回复与股东减持是否存关联,603083,剑桥科技,0.5
613,2020-09-28,“期神”收手！秦安股份退出投资性期货交易：累赚近3亿,603758,秦安股份,0.8
614,2024-01-15,赤天化：1月15日召开董事会会议,600227,赤天化,0.6
616,2019-06-12,又见上市公司卖房 百年民丰拟拍卖36套闲置住宅,600235,民丰特纸,0.5
618,2015-10-20,唐山中润面临多项环保改造,600997,开滦股份,0.5
619,2021-05-27,ST榕泰收问询函：要求说明是否存在前期商誉减值计提不充分情形,600589,*ST 榕泰,0.5
620,2023-08-24,百奥泰：2023年半年度净利润约-2.54亿元,688177,百奥泰,0.2
621,2023-02-16,长春一东：离合器产品在俄罗斯市场稳步增长,600148,长春一东,0.5
622,2019-08-24,康美药业结束“任性”涨停 上演“天地板”后跌3.49%,600518,ST 康美,0.5
623,2023-11-01,长城汽车总裁穆峰：车市淘汰赛还在进行 只要能坐在“牌桌”上 就一定能持续走下去,601633,长城汽车,0.8
624,2019-01-23,奥瑞德回应被列为失信被执行人：未履行连带清偿责任,600666,ST 瑞德,0.3
625,2014-07-31,长城销量利润双降 品牌软肋待突破,601633,长城汽车,0.6
626,2024-03-21,杭州柯林：子公司拟投建50MW/100MWh电化学储能电站项目,688611,杭州柯林,0.5
627,2024-01-08,太平鸟：预计2023年归母净利润4.15亿元左右 同比增加125%左右,603877,太平鸟,0.5
628,2023-06-06,交大昂立回应年报逾期：前期大量错账需调整、目前尚未确定会计师事务所,600530,ST 交昂,0.5
629,2022-03-14,热景生物：与京东健康达成销售新冠抗原自我检测试剂合作,688068,热景生物,0.5
630,2019-08-27,长城汽车上半年净利润15.17亿元 同比下降58.95%,601633,长城汽车,0.5
631,2024-02-20,颀中科技：2023年归母净利润同比增长22.10%,688352,颀中科技,0.6
632,2021-07-05,威奥股份：锐泽投资拟减持不超6%,605001,威奥股份,0.5
633,2021-04-08,长城汽车一季度销量同比增长125%,601633,长城汽车,0.6
634,2018-11-28,熊猫金控能否讲好“新能源故事”？拟11亿拿下欧贝黎控制权,600599,ST 熊猫,0.5
635,2020-09-27,秦安股份：期货投资平仓累计亏损2.49亿元 已转出资金5.03亿元,603758,秦安股份,0.2
636,2018-10-29,营收179.66亿/净赚2.31亿 长城汽车第三季度净利润腰斩,601633,长城汽车,0.5
637,2023-02-20,倍轻松：公司产业技术研究院将结合用户需求痛点及公司核心技术开发新产品,688793,倍轻松,0.8
638,2018-10-10,重组未行“破发”先至 国机汽车复牌一字跌停,600335,国机汽车,0.5
639,2021-01-14,奥康国际：实际控制人王振滔解除质押2000万股,603001,ST 奥康,0.5
640,2023-07-28,涉嫌信披违法违规 ST南卫及公司实控人李平遭立案,603880,ST 南卫,0.5
641,2021-12-30,法院裁定康美药业破产重整计划执行完毕 全部债务实现100%清偿,600518,ST 康美,0.8
643,2023-07-13,华西证券给予春风动力买入评级，系列点评之二十：Q2业绩再超预期量价利三重共振,603129,春风动力,0.8
644,2019-10-08,宏辉果蔬股份有限公司关于2019年第三季度使用部分闲置自有资金购买理财产品的公告,603336,宏辉果蔬,0.5
646,2022-02-28,东鹏饮料营收利润均增四成  董事长林木勤：未来要继续抢冰柜 抢陈列位,605499,东鹏饮料,0.7
647,2020-09-14,5亿本金5个月赚7.6亿 A股“期货大王”要收手？股价应声涨停,603758,秦安股份,0.8
648,2017-09-29,中国巨石前三季预增35%以上,600176,中国巨石,0.7
649,2021-09-10,承德中滦煤化工有限公司违法《大气污染防治法》被环保部门处罚,600997,开滦股份,0.5
650,2022-10-13,ST曙光复牌跌停 称从未与小米公司接触 7月以来股价涨超160%,600303,ST 曙光,0.5
651,2022-11-22,ST 曙光：新产品广告策划已经完成 同时车型已完成了命名定义,600303,ST 曙光,0.5
652,2022-07-21,淮北矿业全面推进市场化用工机制,600985,淮北矿业,0.8
653,2018-03-29,和邦生物悄然举牌澳洲农企 出海收购把握几分？,603077,和邦生物,0.7
654,2019-05-15,中珠医疗股东中珠集团股份被轮候冻结 占公司总股本23.83,600568,ST 中珠,0.2
655,2019-05-05,股民“怒了”！A股10大地雷引爆,600518,ST 康美,0.3
656,2023-09-01,杰克股份：业绩说明会定于9月11日举行,603337,杰克股份,0.5
657,2019-08-23,华新水泥上半年净利同比增53% 经营业绩再创历史新高,600801,华新水泥,0.8
658,2021-07-08,狂拉25连板后停牌核查！股价大涨背后“有鬼” 上交所：暂停相关账户交易,600112,ST 天成,0.5
659,2023-09-04,开创国际：公司远洋捕捞主要在中西太平洋和南极海域 不在日本附近海域,600097,开创国际,0.5
660,2019-02-11,交大昂立将花不超5000万元回购公司股份 用于员工持股计划,600530,ST 交昂,0.6
661,2018-08-15,柳钢股份：上半年净利20.41亿元 同比增4.16倍,601003,柳钢股份,0.6
662,2017-08-18,南卫股份没抱紧云南白药大腿 业绩原地走员工连减两年,603880,ST 南卫,0.2
663,2022-07-21,百龙创园：2022年半年度净利润7836.04万元 同比增加51.33%,605016,百龙创园,0.6
664,2021-06-08,汉马科技董事会大换血 吉利商用车或借壳上市,600375,*ST 汉马,0.5
665,2023-11-01,东鹏饮料：前三季度业绩增长强劲 第二曲线战略步步为赢,605499,东鹏饮料,0.8
666,2023-07-12,侃股：赛腾股份缘何“见光死”,603283,赛腾股份,0.5
667,2023-07-24,大地熊：控股股东、实控人拟合计减持不超3%公司股份,688077,大地熊,0.5
668,2023-08-09,全品牌发力新能源 能否助长城汽车“大象转身”？,601633,长城汽车,0.6
669,2019-10-28,青岛啤酒：前三季净利同比增23.15?%,600600,青岛啤酒,0.6
670,2021-04-16,这一脚踩空快哭晕了！刚刚大笔抛出 10天股价翻倍,688068,热景生物,0.5
671,2018-06-28,人福医药ALK抑制剂获得药物临床试验批件,600079,人福医药,0.5
672,2015-09-15,和邦生物筹建民营银行被指“讲故事”,603077,和邦生物,0.5
673,2021-10-12,新品发力需求旺盛 长城汽车9月销量突破10万辆,601633,长城汽车,0.8
674,2024-02-02,奥普家居：拟以1亿-1.5亿元回购股份,603551,奥普家居,0.7
675,2023-07-10,太平鸟2023年上半年净利预增89% 股价却跌逾7% 有券商建议关注Q3货品改善,603877,太平鸟,0.5
678,2021-04-09,上海天洋高管拟增持200万元-300万元,603330,天洋新材,0.6
679,2019-11-29,永冠新材2019年累计获得政府补助1396.85万元,603681,永冠新材,0.5
680,2019-05-09,宏辉果蔬股份有限公司2018年年度权益分派实施公告,603336,宏辉果蔬,0.5
681,2019-05-14,浙江华正新材料股份有限公司持股5%以上股东减持股份进展公告,603186,华正新材,0.5
682,2020-08-05,ST昌鱼：控股股东所持8848万股公司股票将进行网络拍卖,600275,退市昌鱼,0.5
683,2020-07-03,东北证券：老凤祥买入评级,600612,老凤祥,0.5
684,2023-07-25,天洋新材董事长李哲龙：公司新一轮发展才开始,603330,天洋新材,0.6
685,2023-04-29,龙腾光电：2023年第一季度净利润约-1.12亿元,688055,龙腾光电,0.5
686,2022-05-09,长城汽车：4月汽车总销量约5.38万辆 同比减少41.41%,601633,长城汽车,0.4
687,2020-07-21,长城汽车调整组织架构 投资200亿打造两大平台,601633,长城汽车,0.5
688,2023-10-08,百奥泰一产品在美获批上市 首个“出海”产品能否成业绩增长“良药”？,688177,百奥泰,0.6
689,2016-12-27,中珠医疗：预计2016年净利润同比增加250%-330%,600568,ST 中珠,0.8
690,2018-04-09,南卫股份拟收购江苏万高药业原股东股权  9日起停牌,603880,ST 南卫,0.6
691,2021-06-02,中国巨石大宗交易成交18.00万股 成交额300.06万元,600176,中国巨石,0.5
692,2022-03-21,国信证券维持中国巨石买入评级：业绩再创新高 玻纤龙头领“纤”成长,600176,中国巨石,0.7
693,2017-03-23,武昌鱼：长金投资增持计划实施完毕 与一致行动人持股比例达19.98%,600275,退市昌鱼,0.5
694,2023-11-29,翔宇医疗：近期在重点布局康复机器人、人工智能、居家板块等方向研发工作,688626,翔宇医疗,0.5
695,2023-05-25,涉嫌整车蒸发污染物排放不达标 长城汽车举报比亚迪,601633,长城汽车,0.5
696,2021-02-09,百奥泰BAT8001 III期临床试验未达预期,688177,百奥泰,0.5
697,2023-11-01,济川药业：子公司盐酸艾司洛尔注射液及布洛芬混悬液获药品注册证书,600566,济川药业,0.8
698,2021-03-08,上海天洋：拟3000万元至6000万元回购股份,603330,天洋新材,0.5
699,2022-05-18,6倍大牛股实控人被刑事拘留 曾多次登上福布斯中国富豪榜 公司股价放量跌停,600078,ST 澄星,0.1
700,2021-11-01,国盛证券给予华新水泥增持评级：Q3量价承压 水泥盈利回升和产业链延伸增量可期,600801,华新水泥,0.6
701,2021-01-28,造纸板块走强 民丰特纸涨停,600235,民丰特纸,0.8
702,2018-01-10,*ST天成遭证监会立案调查2016年度业绩为何与预披露不同？,600112,ST 天成,0.5
703,2024-03-29,ST起步：3月29日召开董事会会议,603557,ST 起步,0.5
704,2019-05-16,西宁特钢：改革创新再度激发增长核心力,600117,*ST 西钢,0.8
705,2023-03-22,国信证券给予中国巨石买入评级,600176,中国巨石,0.8
706,2023-10-27,ST富润：因涉嫌信息披露违法违规 证监会决定对公司立案调查,600070,ST 富润,0.5
707,2020-06-19,[路演]菲林格尔：紧紧抓住精装房市场机遇 成立了工程家装部门专门对接工程业务,603226,菲林格尔,0.5
708,2019-07-26,赛腾股份募资7亿发力半导体 苹果终端产品曾贡献九成营收,603283,赛腾股份,0.8
709,2021-03-21,罚没5700万！参与A股重大财务造假案件 这家会计师事务所栽了,600518,ST 康美,0.5
710,2024-02-05,大地熊：拟以5000万元—1亿元回购公司股份,688077,大地熊,0.5
711,2020-09-03,国资“接盘” ST康美今复牌涨停 债务压力超300亿元,600518,ST 康美,0.5
712,2023-08-31,中国巨石：控股股东承诺12个月内不主动减持所持公司股份,600176,中国巨石,0.5
713,2020-10-28,交卷！浙江富润：2020年前三季度净利润约3.48亿元 同比下降2.96%,600070,ST 富润,0.5
714,2024-01-19,奥普家居：2023年预盈2.82亿元-3.39亿元 同比增17.5%-41.03%,603551,奥普家居,0.6
715,2021-03-21,江中药业2020年净利4.74亿元 乳酸菌素片销售突破3.5亿元,600750,江中药业,0.6
716,2019-02-27,太平鸟10名股东合计增持207万股 耗资约4314万元,603877,太平鸟,0.6
717,2022-02-06,淮北矿业：发行可转债申请获证监会受理,600985,淮北矿业,0.8
718,2020-07-24,康缘药业“坑”了控股股东和员工 集资3.6亿元定增锁5年半仍亏24%,600557,康缘药业,0.3
719,2023-10-18,陕西黑猫：第三季度焦炭销量197.04万吨 销售收入34.42亿元,601015,陕西黑猫,0.7
720,2020-09-15,5个月获利7.7亿元！A股“期神”秦安股份要“金盆洗手”？它都投了哪些品种？,603758,秦安股份,0.6
721,2023-01-31,钢铁需求疲软销量和价格双双下跌  西宁特钢2022年预亏11亿元,600117,*ST 西钢,0.3
722,2019-07-09,实达集团：吴波辞任公司董事会秘书职务,600734,ST 实达,0.5
725,2020-12-28,*ST熊猫终止非公开发行股票事项,600599,ST 熊猫,0.5
726,2019-08-26,长城汽车在车市寒冬里让利促销 上半年净利下降近六成,601633,长城汽车,0.4
727,2022-05-09,圣济堂股东拟减持不超1.17%公司股份,600227,赤天化,0.5
728,2024-01-29,净资产预计为负触及退市警戒线 汉马科技拟启动重整自救,600375,*ST 汉马,0.3
729,2017-01-09,中珠医疗拟10转18派0.5元,600568,ST 中珠,0.5
730,2023-10-31,长城魏牌销量下滑 因理想、问界拦路？7年6任CEO 难适应“军事化管理”？,601633,长城汽车,0.5
731,2023-07-20,赛腾股份：拟以1亿元增资安徽赛腾,603283,赛腾股份,0.8
732,2018-04-12,人福医药阿奇霉素干混悬剂获美国FDA批准,600079,人福医药,0.5
733,2019-03-01,子公司获国家高新技术企业认证 康美药业再创反弹新高,600518,ST 康美,0.5
735,2020-07-13,魏建军发起生死思辨：长城汽车如何“挺得过明年”,601633,长城汽车,0.6
736,2023-10-31,东吴证券给予芯源微增持评级 2023年三季报点评：盈利水平同比提升 看好前道设备快速放量,688037,芯源微,0.8
737,2023-08-11,因合同纠纷案件 ST通葡收法院执行通知书,600365,ST 通葡,0.5
738,2021-12-17,轮到这家“果链”公司了！盘点那些“天价离婚案”,603283,赛腾股份,0.5
740,2021-11-19,警钟也为独董“不独不懂”而鸣,600518,ST 康美,0.5
741,2021-07-01,*ST天成：股票核查完毕 明日复牌,600112,ST 天成,0.6
742,2019-10-09,中珠医疗控股股份有限公司关于注销部分募集资金专用账户的公告,600568,ST 中珠,0.5
743,2018-11-14,长城汽车计划发行不超过50亿的超短期融资券,601633,长城汽车,0.7
744,2023-12-22,中国巨石：公司第二大股东质押的股份目前没有强制平仓的风险,600176,中国巨石,0.8
745,2021-05-24,长城炮乘用皮卡全球版推出汽油版和柴油版两款新车型,601633,长城汽车,0.7
746,2024-04-19,ST宁科：重要控股子公司中科新材预计无法在1个月内恢复正常生产,600165,ST 宁科,0.6
748,2024-03-29,大地熊：2023年度净利润约-4281万元,688077,大地熊,0.2
749,2024-01-30,赛腾股份大涨6.53% 2023年净利润预计增长105.22%—134.53%,603283,赛腾股份,0.7
750,2021-06-08,上海贝岭：如上游供应商产能不足 则公司未来经营存在一定不确定性,600171,上海贝岭,0.5
751,2020-03-19,杰克股份：复工率达87%,603337,杰克股份,0.6
752,2019-05-24,中珠医疗：终止与远望通信合作,600568,ST 中珠,0.5
753,2020-09-11,标准股份：控股股东国有股权无偿划转,600302,标准股份,0.5
754,2020-07-27,皮卡带动长城汽车二季度业绩改善,601633,长城汽车,0.5
755,2024-02-29,ST起步收监管工作函：2023年预亏 持续经营能力是否存重大不确定性？,603557,ST 起步,0.8
756,2023-04-10,太平鸟股价异动 首季净利润增长14.00%,603877,太平鸟,0.5
758,2023-07-03,ST富润录得6天3板,600070,ST 富润,0.7
759,2016-01-07,交大昂立:战略入股泰凌医药 转型大健康投资平台,600530,ST 交昂,0.7
760,2020-04-28,华菱星马：马鞍山市政府正筹划与公司相关重大事项 或致控股股东及实控人变更,600375,*ST 汉马,0.8
761,2024-03-21,ST曙光：公司电动皮卡上市时间存在不确定性,600303,ST 曙光,0.7
762,2024-01-16,东鹏饮料想抓住新一波低度酒流量,605499,东鹏饮料,0.5
763,2023-08-29,东吴证券给予芯源微增持评级 2023年中报点评：前道Track快速放量 盈利水平明显提升,688037,芯源微,0.8
765,2020-11-19,减持！热景生物：达晨创泰、达晨创恒、达晨创瑞减持约62万股,688068,热景生物,0.5
766,2018-08-23,华新水泥2018年上半年业绩增长184.07%,600801,华新水泥,0.8
767,2021-05-07,辛有志投资的起步股份被ST 审计报告也被会计师事务所否了,603557,ST 起步,0.5
768,2023-06-12,主力复盘：16亿抢筹酿酒 超9亿封板剑桥科技,603083,剑桥科技,0.8
769,2022-10-18,翔宇医疗成功通过“国家知识产权示范企业”复核,688626,翔宇医疗,0.8
770,2020-04-07,商誉压顶欲回归主业 人福医药换帅,600079,人福医药,0.5
771,2023-12-29,长城汽车：获得政府补助约8.19亿元,601633,长城汽车,0.5
772,2024-01-17,剑桥科技：预计LPO光模块2024年下半年大规模上量的可能性比较大,603083,剑桥科技,0.7
773,2017-08-28,谁导演长城收购Jeep闹剧？知情人推测双方高层有接触,601633,长城汽车,0.5
774,2020-08-17,龙腾光电：集聚多项自主核心技术 差异化优势助力腾飞,688055,龙腾光电,0.6
775,2022-01-21,长远锂科2021年净利润预增519%-538%,688779,长远锂科,0.8
776,2019-06-03,浙江富润(600070)：重组标的应收款余额远超承诺数 收上交所问询函,600070,ST 富润,0.2
777,2023-07-14,葡萄酒上市公司半年业绩分化：威龙、通葡亏损扩大 中葡、莫高减亏,600543,*ST 莫高,0.6
778,2023-07-04,证监会出手！他给康美药业签字 如今要承担最高5000多万罚款 还有巨额追偿在路上！,600518,ST 康美,0.2
779,2023-04-28,汉马科技拟购买南充发展100%股权 今起停牌,600375,*ST 汉马,0.5
780,2015-08-14,广东榕泰拟12亿收购森华易腾,600589,*ST 榕泰,0.5
781,2017-12-28,康美药业拿下百亿供应链大单 全产业链布局助力“智慧+”大健康平台,600518,ST 康美,0.8
782,2019-10-22,曙光股份收上交所问询函 要求说明控股子公司出售资产具体情况,600303,ST 曙光,0.5
783,2021-03-04,老凤祥2020年净利15.86亿增长12.64% 这些公司或将上涨,600612,老凤祥,0.7
784,2023-09-04,璞泰来：梁丰及其一致行动人持有上市公司股份累计质押约2.2亿股,603659,璞泰来,0.5
785,2023-08-31,ST富润：公司本次计提资产减值准备合计金额为约1.17亿元,600070,ST 富润,0.3
786,2022-10-29,秦安股份前三季度净利润增长14% 业务板块持续复苏,603758,秦安股份,0.6
787,2022-02-23,ST榕泰：高大鹏增持公司约1358万股股份,600589,*ST 榕泰,0.5
788,2021-04-27,龙腾光电：一季度净利润同比增长917%,688055,龙腾光电,0.8
789,2023-10-29,国联证券给予璞泰来买入评级：国联证券-公司季报点评-资产减值影响净利 复合集流体业务有望迎来放量 目标价格为31.79元,603659,璞泰来,0.7
790,2023-12-15,长春一东：目前基于液压举升机构的液压锁正在研发换电箱电池锁,600148,长春一东,0.5
791,2023-10-19,剑桥科技第三季度净利润亏损3564.82万元 同比下降122.13%,603083,剑桥科技,0.1
792,2024-02-01,华正新材：公司为子公司提供的担保总额为约32.58亿元,603186,华正新材,0.6
793,2018-06-01,奥瑞德：涉嫌违反证券法律法规遭证监会立案调查,600666,ST 瑞德,0.5
794,2019-06-28,ST康美董事长马兴田在年度股东大会现场道歉 表示将完善公司治理,600518,ST 康美,0.5
795,2023-12-22,太原重工：拟以1000万元-2000万元回购股份,600169,太原重工,0.5
796,2024-04-22,营收超百亿 东鹏饮料多名董监高却减持离场,605499,东鹏饮料,0.5
797,2023-08-23,三星医疗：上半年净利润约8.7亿元 同比增长147.6%,601567,三星医疗,0.7
798,2017-08-31,太平鸟：下半年业绩指标剑指3.6 亿+,603877,太平鸟,0.5
799,2018-05-09,马应龙与华大基因签订战略合作协议,600993,马应龙,0.8
800,2021-01-27,*ST九有受赠股权扭亏为盈 曾被上交所问询,600462,ST 九有,0.5
801,2015-10-20,回购与三得利合资公司股权 青啤整合资源应对百威竞争,600600,青岛啤酒,0.5
802,2019-08-21,中国巨石上半年净利同比下降17%,600176,中国巨石,0.5
803,2020-05-12,圣济堂为关联方违规担保5年 董事长等有关责任人遭上交所通报批评,600227,赤天化,0.5
804,2021-12-04,长城汽车做对了什么？,601633,长城汽车,0.6
805,2023-01-02,巨一科技：累计回购约160万股 占比1.1617%,688162,巨一科技,0.6
806,2019-05-17,康美药业财务造假坐实：事关28万股东 索赔诉讼已在路上,600518,ST 康美,0.3
807,2019-06-03,江中药业(600750.SH)拟10送2.5派3.5元 股权登记日为6月11日,600750,江中药业,0.5
808,2024-02-01,柳钢股份：股东2月1日增持0.08%公司股份,601003,柳钢股份,0.1
809,2024-02-28,全年亏损2.05亿元 巨一科技2023年增收不增利,688162,巨一科技,0.3
810,2024-03-21,太平鸟：本次计提各类减值准备共计约1.48亿元,603877,太平鸟,0.8
811,2015-10-28,天科股份重组流产 业绩下滑逾四成,600378,昊华科技,0.3
812,2019-11-25,长城汽车与宝马联姻再进一步 光束汽车生产基地项目获批,601633,长城汽车,0.5
813,2019-05-10,大业股份可转债中签号出炉 共12.23万个,603278,大业股份,0.5
814,2023-09-18,明冠新材：公司胶膜产品和光伏背板产品在BC电池封装上已经得到运用,688560,明冠新材,0.8
815,2020-09-28,大地熊：公司生产的烧结钕铁硼永磁材料在新能源汽车上有应用,688077,大地熊,0.8
816,2023-07-16,半年报“首秀”开门红 中药创新药龙头获葛兰加仓！,600557,康缘药业,0.5
817,2019-06-03,菲林格尔家居科技股份有限公司关于举行2019年上海辖区上市公司集体接待日活动的公告,603226,菲林格尔,0.5
818,2018-08-30,从天堂到地狱 这个“高富帅”董事长被抓了！,600462,ST 九有,0.3
819,2023-12-29,宁科生物：12月29日召开董事会会议,600165,ST 宁科,0.5
820,2019-06-20,菲林格尔家居科技股份有限公司关于完成变更公司注册资本并办理工商变更登记的公告,603226,菲林格尔,0.5
821,2020-12-29,提车慢服务更慢！WEY坦克300遭准车主疯狂吐槽 长城营销新模式承压,601633,长城汽车,0.3
822,2023-11-20,威奥股份：公司暂未与小米展开合作,605001,威奥股份,0.5
823,2023-04-07,康缘药业：一季度归母净利同比增长28.6%,600557,康缘药业,0.8
824,2023-07-25,长城汽车：正式起诉六个涉嫌严重侵权账号 将索赔200万至500万元,601633,长城汽车,0.8
825,2020-04-26,未雨绸缪 “藏”着这些黑科技的长城汽车要干什么？,601633,长城汽车,0.5
826,2023-04-20,标准股份2022年亏损额较上年扩大 工业缝纫机行业景气度有望迎来拐点？,600302,标准股份,0.6
827,2023-08-08,明冠新材：公司铝塑膜在头部客户A、B公司处于测试或试用阶段,688560,明冠新材,0.5
828,2018-04-26,*ST昌鱼：申请撤销退市风险警示及实施其他风险警示,600275,退市昌鱼,0.5
829,2024-01-30,热景生物：预计2023年度净利润为2400万元到3600万元，同比减少96.19%到97.46%,688068,热景生物,0.5
830,2017-01-24,长春一东2016年业绩预增逾10倍,600148,长春一东,0.8
831,2019-08-23,上海贝岭：上半年净利同比增96%,600171,上海贝岭,0.8
832,2023-07-12,秦安股份：公司对于在手订单积极稳产保供 也将关注客户的需求变化情况,603758,秦安股份,0.8
833,2018-12-14,剑桥科技涨停盘后发澄清公告  信息发布前后不一遭质疑,603083,剑桥科技,0.5
834,2021-07-07,璞泰来：拟肇庆市投建隔膜涂覆生产及锂电自动化设备项目,603659,璞泰来,0.8
835,2023-07-12,中银证券给予中国巨石买入评级，Q2扣非环比高增，龙头结构优势凸显,600176,中国巨石,0.5
836,2020-08-23,63岁董事长带队炒期货4天赚1亿、4个月暴赚近7亿！16批平仓无一失手,603758,秦安股份,0.5
837,2023-09-21,原料橡胶价格大涨叠加需求提振 轮胎行业掀起“涨价潮”,601163,三角轮胎,0.7
838,2024-04-09,济川药业：4月9日召开董事会会议,600566,济川药业,0.5
839,2019-04-22,华泰汽车金融被罚百万 所持股权缘何悉数质押与冻结,600303,ST 曙光,0.1
840,2021-05-11,深耕细分市场  长城汽车1～4月销量同比增长86%逾43万辆,601633,长城汽车,0.8
841,2023-10-22,“小便风波”中的青啤三厂：被称为当地龙头 年产上百万千升,600600,青岛啤酒,0.6
842,2023-10-09,北特科技：目前有向赛力斯供货 但配套的车型是其旗下的风光系列新能源车 供应的具体产品是电动压缩机,603009,北特科技,0.6
843,2017-10-19,赤天化：将子公司桐梓化工所欠12亿元款项转为增资,600227,赤天化,0.6
844,2019-08-16,证监会：康美药业肆意妄为、丧失诚信底线、触碰法治红线,600518,ST 康美,0.2
845,2021-03-05,青岛啤酒：去年营收微降0.8%至277.6亿元 净利逆势增长18.86%,600600,青岛啤酒,0.6
846,2017-01-12,长城汽车：2016年预盈逾百亿元 同比增长超24%,601633,长城汽车,0.8
847,2024-01-26,柳钢股份：预计2023年度净利润约为-8.64亿元至-10.71亿元,601003,柳钢股份,0.5
848,2019-07-29,“尿素大王”上半年业绩预亏 圣济堂转型之路任重道远,600227,赤天化,0.4
849,2023-12-11,龙虎榜丨标准股份今日跌5.19% 知名游资炒股养家净卖出1000.89万元,600302,标准股份,0.5
850,2019-10-31,中珠医疗控股股份有限公司第九届董事会第六次会议决议公告,600568,ST 中珠,0.5
851,2020-10-27,长城汽车重庆智慧工厂一周年 长城炮第十万辆下线,601633,长城汽车,0.8
852,2021-07-01,奥普家居截止6月底 耗资1510.82万元回购123.6万股,603551,奥普家居,0.8
853,2023-12-01,和邦生物：国际市场草甘膦中长期供需或紧平衡,603077,和邦生物,0.5
854,2017-05-31,人福医药收编杰士邦 成全球安全套市场第二大巨头,600079,人福医药,0.5
855,2020-08-06,中国巨石8月6日大宗交易成交439.93万元,600176,中国巨石,0.6
856,2017-09-19,上交所追问新日恒力 对博雅干细胞有无控制权,600165,ST 宁科,0.8
857,2017-04-27,5公司临停 奥瑞德需澄清媒体报道,600666,ST 瑞德,0.5
858,2019-01-24,赛腾股份并购事项过会 首单定向可转债试点落地,603283,赛腾股份,0.6
859,2021-12-17,A股再现“天价离婚案”：赛腾股份实控人“婚变” 涉30亿市值股权分割,603283,赛腾股份,0.6
860,2018-12-12,奥瑞德副总经理、财务总监刘娟辞职 年薪为72.24万元,600666,ST 瑞德,0.5
861,2023-12-11,ST实达：数据跨境流动服务枢纽投入试运行,600734,ST 实达,0.5
862,2017-06-13,出售中原瑞德80%股权 人福医药有望获利约21亿元,600079,人福医药,0.5
863,2024-03-27,丰华股份：公司不直接对接整车厂商,600615,丰华股份,0.5
864,2019-07-10,绞肉机秦安股份花掉5亿募投后惨亏 长城证券赚2600万,603758,秦安股份,0.5
865,2021-12-13,北特科技涉嫌信披违规被处罚预告 投资者索赔将启动,603009,北特科技,0.2
866,2024-04-01,民生证券给予华新水泥推荐评级，2023年年报点评：传统产业出海范本，结构优化步伐坚定,600801,华新水泥,0.8
867,2017-06-05,康缘药业：筹划股权激励事项 明起停牌,600557,康缘药业,0.5
868,2023-07-17,国机汽车：3日累跌超20% 公司生产经营活动正常 内外部经营环境未发生重大变化,600335,国机汽车,0.5
869,2021-07-29,东鹏饮料：拟3亿元认购基金 投资领域为先进制造、新能源等,605499,东鹏饮料,0.5
870,2019-11-20,天目药业原副总受贿226万挪用200万 还贪了1栋办公楼,600671,*ST 目药,0.5
871,2021-04-16,ST康美收关注函：说明是否存在前期业绩虚假的情形,600518,ST 康美,0.5
872,2023-02-02,浙江富润控股子公司取得《高新技术企业证书》,600070,ST 富润,0.5
873,2023-07-19,申港证券给予五芳斋买入评级 首次覆盖报告：粽香千里 流芳百年,603237,五芳斋,0.8
874,2022-06-30,秦安股份：近期累计获得政府补助1684.31万元,603758,秦安股份,0.6
875,2024-04-01,上海贝岭：聘任李刚为公司董事会秘书,600171,上海贝岭,0.6
876,2022-09-07,粽子第一股“偏科”严重  五芳斋能否讲出新故事,603237,五芳斋,0.5
877,2023-07-11,ST通葡拟向控股股东定增 股价涨停,600365,ST 通葡,0.7
878,2022-07-28,国金证券给予璞泰来买入评级 业绩符合预期 各业务稳健发展,603659,璞泰来,0.8
881,2023-08-24,五芳斋上半年营收净利双增 持续加大研发投入促进产线升级,603237,五芳斋,0.7
882,2023-11-01,长城汽车山海炮性能版开启预售 将进军全球皮卡市场,601633,长城汽车,0.7
883,2021-03-22,秦安股份1.67亿完成股份回购,603758,秦安股份,0.5
884,2023-07-07,财鑫闻丨新华锦并购优质石墨资产事项获股东大会高票通过,600735,新华锦,0.7
885,2020-05-27,威奥股份露熊相：两涨停开板 毛利率降去年现金流为负,605001,威奥股份,0.6
886,2020-03-20,30家公司公告进行股东增减持 碳元科技9602万股今日解禁,603133,*ST 碳元,0.5
887,2020-07-30,秦安股份炒期货做多沪铝两月狂赚逾1亿 股神操作所得远超去年盈利,603758,秦安股份,0.6
889,2023-10-21,青岛啤酒陷入“一工人原料仓小便”视频风波 回应称已第一时间报警,600600,青岛啤酒,0.5
891,2021-02-18,交易异动！开滦股份：近3个交易日上涨33.28%,600997,开滦股份,0.7
892,2019-10-29,江苏康缘药业股份有限公司 关于持股5%以上股东股份质押的公告,600557,康缘药业,0.5
893,2019-05-01,股债双杀！300亿现金“说没就没” 22万股东懵了,600518,ST 康美,0.5
894,2019-10-10,北特科技：7月18日以来累计收到近600万元政府补助 将对年度利润产生一定影响,603009,北特科技,0.8
895,2024-01-10,ST曙光：2023年汽车整车销量1747辆 同比下降46.74%,600303,ST 曙光,0.1
896,2020-10-21,人福医药盐酸多塞平胶囊在美获批 已有多款产品进军美国,600079,人福医药,0.5
897,2021-12-18,30个亿！A股又现“天价离婚” 实控人添变数 股价接连跳水,603283,赛腾股份,0.5
898,2022-10-11,国盛智科：公司将于2022年10月29日披露公司2022年三季度报告,688558,国盛智科,0.5
899,2021-10-04,长城汽车：海外首家用户体验中心落户泰国曼谷,601633,长城汽车,0.8
900,2020-08-10,长城汽车7月销量劲增30%守正出新跑出“加速度”,601633,长城汽车,0.7
901,2023-11-01,上交所对汉马科技及有关责任人予以通报批评,600375,*ST 汉马,0.5
902,2024-02-27,老凤祥回应被指清洗手镯故意蹭掉logo,600612,老凤祥,0.5
903,2024-02-08,*ST榕泰演绎“地天板”走势,600589,*ST 榕泰,0.3
904,2018-07-28,天成控股上演“天地板” 知名游资席位昨日卖出1481万元,600112,ST 天成,0.5
906,2018-05-09,合资宝马前夜 长城汽车新能源板块集中发力,601633,长城汽车,0.6
907,2018-10-31,浙江富润首次回购1100万元股份,600070,ST 富润,0.5
908,2023-08-21,太平鸟：2023年半年度净利润约2.51亿元 同比增加88.1%,603877,太平鸟,0.8
909,2021-10-09,34岁上市公司董秘假期溺水身亡：节前刚获股权激励 施救者也不幸遇难,603681,永冠新材,0.5
910,2018-06-01,江中药业：华润医药控股拟收购江中集团不低于51%股权 实控人将变更,600750,江中药业,0.6
911,2018-04-26,碳元科技：两股东拟合计减持2.88%股份,603133,*ST 碳元,0.8
912,2020-01-09,交大昂立：股份回购实施完毕 回购508万股,600530,ST 交昂,0.8
913,2020-07-21,ST瑞德因担保信托贷款违约被告上法庭,600666,ST 瑞德,0.5
914,2018-04-27,人福医药股东汇添富基金拟清仓减持5.3%股份,600079,人福医药,0.7
916,2019-10-25,浙江春风动力股份有限公司第四届董事会第十次会议决议公告,603129,春风动力,0.5
917,2023-06-28,煤炭板块强势拉升，陕西黑猫、郑州煤电涨停，山煤国际等走高,601015,陕西黑猫,0.6
918,2023-10-30,杭州柯林：业绩说明会定于11月28日举行,688611,杭州柯林,0.5
919,2024-03-22,永冠新材：公司在消费电子相关胶粘带产品已有布局,603681,永冠新材,0.5
920,2020-12-25,国盛证券维持淮北矿业买入评级：投资建设甲醇综合利用项目 打造利润增长点 目标价15.5元,600985,淮北矿业,0.8
921,2024-03-25,百奥泰：注射用BAT8006的II期临床试验申请获美国FDA许可,688177,百奥泰,0.7
922,2023-11-08,长春一东：公司现没有减速器产品应用于人形机器人,600148,长春一东,0.5
923,2018-07-16,华菱星马：史正富减持约1%股份 持股已低于5%,600375,*ST 汉马,0.5
924,2024-03-06,赤天化收购圣济堂制药的业绩承诺长期未履行 投资者服务中心呼吁相关方尽快解决,600227,赤天化,0.4
925,2020-02-10,城市传媒：免费开放多款在线教育产品,600229,城市传媒,0.8
926,2014-06-30,青岛啤酒酿造千亿级品牌,600600,青岛啤酒,0.6
927,2018-04-26,康美药业董事长发表致股东信：将力推“康美”品牌深入C端,600518,ST 康美,0.7
928,2023-07-10,ST起步：公司自2014年开始就有光伏发电的业务 业务占比极少 基本只能自用,603557,ST 起步,0.5
929,2022-01-28,ST起步：公司及其全资子公司累计对外担保总额为22亿元,603557,ST 起步,0.5
930,2018-04-25,康美药业：年报净利增两成至41亿元 证金小幅减持,600518,ST 康美,0.5
931,2024-03-24,东鹏“北上”晚不晚,605499,东鹏饮料,0.5
932,2020-10-15,曙光股份：控股子公司节能减排补助资金1000万元 有利于改善该公司现金流,600303,ST 曙光,0.5
933,2021-11-09,跑赢行业增速 长城汽车1-10月份销量同比增长22%,601633,长城汽车,0.6
934,2023-12-05,长城汽车：11月汽车销量总计12.28万台 同比增长40.3%,601633,长城汽车,0.6
935,2022-03-21,中国巨石：发行5亿元2022年度第三期超短期融资券  发行利率为2.2%,600176,中国巨石,0.7
936,2023-10-31,新华锦：新增长点崛起 前三季度二手车业务占比近三成,600735,新华锦,0.6
937,2019-03-12,熊猫金控（600599.SH）：实控人涉嫌内幕信息 频频转型遇阻,600599,ST 熊猫,0.3
938,2019-01-24,赛腾股份发行可转债等事宜获无条件通过 今日起复牌,603283,赛腾股份,0.6
939,2018-10-22,康美药业放历史巨量 终结连续跌停,600518,ST 康美,0.5
940,2019-06-10,三角轮胎股份有限公司第五届董事会第十七次会议决议公告,601163,三角轮胎,0.5
941,2023-08-04,ST曙光：7月份整车合计销售18辆 同比减少95.14%,600303,ST 曙光,0.1
942,2021-01-29,标准股份：预计2020年扭亏为盈 实现净利润1.4亿元,600302,标准股份,0.5
943,2021-09-27,森林包装：至目前我司没有入选专精特新小巨人公司,605500,森林包装,0.3
944,2023-06-26,百奥泰拟定增募资不超16.4亿元 用于新药研发及扩建产能,688177,百奥泰,0.6
945,2023-08-14,信达证券给予济川药业增持评级，中报业绩表现亮眼，BD项目持续推进,600566,济川药业,0.5
946,2024-04-10,信达证券给予济川药业增持评级 业绩增长亮眼 盈利能力稳中有升,600566,济川药业,0.6
947,2017-11-30,交大昂立四季度减持兴业证券、国泰君安股票,600530,ST 交昂,0.5
948,2022-11-18,核心子公司3亿增资 寿光国资关联资本超强介入 新日恒力对之或将失控,600165,ST 宁科,0.5
949,2015-11-26,开创国际募资收购海外渔业公司,600097,开创国际,0.6
950,2023-12-05,江中药业：董事徐永前辞职,600750,江中药业,0.5
951,2017-08-27,长城汽车拿什么追求Jeep：上半年净利锐减56%至21亿元,601633,长城汽车,0.3
952,2020-08-14,又双叒叕平仓获利 A股“期货大王”6天获利超过半数A股公司2019年净利润！,603758,秦安股份,0.7
953,2024-03-05,东鹏饮料：拟以不超15亿元对境内外产业链上下游优质上市企业进行投资,605499,东鹏饮料,0.5
954,2022-12-29,中国巨石：拟56.58亿元投建年产40万吨高性能玻璃纤维产线及配套风力发电工程项目,600176,中国巨石,0.6
955,2023-06-02,人福医药：产品取得注册证 产品名称为“注射用米卡芬净钠”,600079,人福医药,0.5
956,2023-06-06,华福证券给予长城汽车持有评级 5月销量向好 性价比路线为破局之道,601633,长城汽车,0.5
957,2014-05-29,小股东大意识：直击小股东红牌逼宫管理层,600671,*ST 目药,0.5
958,2023-04-08,ST康美大股东宣告破产！背后主角曾是这一地首富，身家一度高达160亿元,600518,ST 康美,0.5
959,2024-03-29,开创国际：2023年净利同比增长39.84% 拟10派1.9元,600097,开创国际,0.6
960,2022-01-23,秦安股份生产线启动有序搬迁,603758,秦安股份,0.5
961,2024-01-04,研发投入1600万 人福医药镇痛药氨酚羟考酮片获批上市,600079,人福医药,0.5
962,2023-08-25,康缘药业：获得关于KYS202002A注射液成人系统性红斑狼疮适应症的《药物临床试验批准通知书》,600557,康缘药业,0.8
963,2023-09-01,长城汽车二季度盈利11.87亿元，新能源销量环比增长超130%,601633,长城汽车,0.6
964,2018-07-11,长城与宝马合资公司落定,601633,长城汽车,0.5
965,2022-07-05,*ST中安连收3个涨停板,600654,ST 中安,0.5
966,2023-12-01,ST瑞德：12月1日召开董事会会议,600666,ST 瑞德,0.5
967,2020-05-15,长城汽车李瑞峰：国内外双轮驱动提升品牌优势,601633,长城汽车,0.8
968,2023-07-26,比亚迪长城先后起诉 车企法务部开工战“网黑”,601633,长城汽车,0.5
969,2023-10-18,浙商证券给予春风动力买入评级 春风动力点评报告：三季报业绩同比增长41%；产品升级带动盈利能力提升,603129,春风动力,0.5
970,2023-08-14,中药震荡反弹 济川药业大涨7%,600566,济川药业,0.5
971,2017-08-31,开滦股份半年报增三倍,600997,开滦股份,0.7
972,2022-12-20,芯源微：初步确定询价转让价格153.94元/股 13家投资者拟受让339.8万股股份,688037,芯源微,0.8
973,2021-04-24,因芯片短缺 长城汽车5、6月两大生产基地或面临停产风险,601633,长城汽车,0.5
974,2023-04-20,半导体板块震荡拉升 芯源微涨超10%创历史新高,688037,芯源微,0.5
975,2022-04-13,人福医药现3笔大宗交易 总成交金额3227.68万元,600079,人福医药,0.6
977,2018-10-26,长城汽车：前三季度净利超39亿元 同比增36%,601633,长城汽车,0.7
978,2024-01-18,和邦生物：已累计回购股份8874.1129万股,603077,和邦生物,0.7
979,2024-03-15,长城汽车官宣！多款车型已完成华为HiCar 4.0适配工作,601633,长城汽车,0.8
981,2022-01-12,人福医药：白热斯丸临床试验获批,600079,人福医药,0.5
982,2018-12-04,中珠医疗拟布局无人机产业链,600568,ST 中珠,0.7
983,2022-03-25,百奥泰美泊利珠单抗注射液获得临床试验批准通知书,688177,百奥泰,0.8
984,2021-03-18,浙江富润推限制性股票激励计划,600070,ST 富润,0.6
985,2019-08-05,华菱星马：1-7月中重卡销量同比降3.6%,600375,*ST 汉马,0.6
986,2024-02-09,大地熊：首次回购约64万股,688077,大地熊,0.6
987,2024-03-20,铜缆高速连接器概念股集体高开 新亚电子、得润电子双双竞价涨停,605277,新亚电子,0.6
988,2021-03-23,福布斯富豪卖房还债！资本玩家深陷债务泥潭 ST中安前路成谜,600654,ST 中安,0.5
990,2020-06-18,莫高股份：公司董事张金虎正接受甘肃省纪委监委纪律审查和监察调查,600543,*ST 莫高,0.5
991,2019-09-09,打造符合中国人口味特点的葡萄酒,600365,ST 通葡,0.6
992,2019-07-09,国机汽车(600335)“16国汽02”公司债券回售有效申报95万手,600335,国机汽车,0.6
993,2020-07-20,长城魏派高开低走 品牌向上是持久战,601633,长城汽车,0.5
996,2023-08-31,长城汽车2023年上半年营收近700亿元 同比增长12.6%,601633,长城汽车,0.8
997,2014-10-28,“80后”对倒股份遭查 中间人借内幕牟利被罚,600148,长春一东,0.7
998,2024-01-23,长城汽车披露2023年度业绩快报 单车售价及销量增长带动总营收增逾26%,601633,长城汽车,0.8
999,2021-04-05,ST通葡：若解除违规担保的进展不如预期 控制权转让或无法完成,600365,ST 通葡,0.5
1000,2021-07-05,华西证券：下调中国巨石目标价至22.68 元 维持“买入”评级,600176,中国巨石,0.7
